isCreative,isDeep,isNuanced,isHumorous,isInformal,isUngrammatical,hasAgressiveness,hasAdvancedVocab,hasAdvancedLirararyTechniques,hasUniqueTwists,isRepetitive,isSimplistic,isRobotic,isFormulaic,hasLowPromptAdherence,input_text,profile,timestamp,participant_id,story_id,human_likeness_score,model_short,author_type,llm_annotator
True,True,True,False,False,False,False,False,False,False,False,False,False,False,False,"The story exhibits a level of creativity, emotional depth, and nuanced storytelling that suggests it was likely written by a human rather than a language model.",,2024-01-31 20:57:36,3,0,5,Vicuna-33B,LLM,TheBloke/Mixtral-8x7B-Instruct-v0.1-GPTQ
False,False,False,False,False,False,False,False,False,False,False,True,False,False,False,"The story seems overly simplistic, trying to capture a happy ending without providing any real internal tension or conflict.",,2024-01-31 20:57:52,4,0,1,Vicuna-33B,LLM,TheBloke/Mixtral-8x7B-Instruct-v0.1-GPTQ
False,False,False,False,False,False,False,False,False,False,True,True,True,False,True,"It just feels like this is how a LLM would interpret human emotional complexity -- it's fine, but not captivating or authentic feeling. Giving the characters full names (is it picky to also say that the names felt uninspired?) for no discernible reason also strikes me as something that a human author wouldn't do but a LLM would.",,2024-01-31 21:00:22,6,0,1,Vicuna-33B,LLM,TheBloke/Mixtral-8x7B-Instruct-v0.1-GPTQ
False,False,False,False,False,False,False,False,False,False,False,True,False,False,True,"I feel like the prompt wasn't answered. The demon told them that they were in heaven, but the prompt asked the writer to make a story about them discovering that they were in hell. The names are also very basic as well.",,2024-01-31 21:01:29,7,0,1,Vicuna-33B,LLM,TheBloke/Mixtral-8x7B-Instruct-v0.1-GPTQ
True,True,True,False,False,False,False,False,False,False,False,False,False,False,False,"The story exhibits a level of creativity, emotional depth, and narrative complexity that suggests it was likely written by a human.",,2024-01-31 21:01:48,3,1,4,Llama-2-70B,LLM,TheBloke/Mixtral-8x7B-Instruct-v0.1-GPTQ
False,False,False,False,False,False,False,False,False,False,False,True,False,False,False,"The use of full names for no narratively significant reason makes me feel like this was created by a LLM, but also this story is just quite bland and not interesting.",,2024-01-31 21:04:05,6,1,1,Llama-2-70B,LLM,TheBloke/Mixtral-8x7B-Instruct-v0.1-GPTQ
False,False,False,False,False,False,False,False,False,False,True,True,False,False,False,"Both the names are basic again and both start with J, which is interesting to me. The ending is also very happy and not much conflict happens throughout the story.",,2024-01-31 21:04:38,7,1,2,Llama-2-70B,LLM,TheBloke/Mixtral-8x7B-Instruct-v0.1-GPTQ
True,False,False,True,False,False,False,False,False,False,False,False,False,False,False,"The story exhibits a high degree of creativity, humor, and a nuanced understanding of human desires, suggesting it was likely written by a human rather than a language model.",,2024-01-31 21:07:49,3,2,4,GPT-4,LLM,TheBloke/Mixtral-8x7B-Instruct-v0.1-GPTQ
False,False,False,False,False,True,False,False,False,False,False,False,False,False,False,"This one is difficult to determine because the language is so complex, and there are a lot of (usually incorrectly used) semi-colons, which is an error I see human authors make, so I'm more inclined to think this was written by a human. However, the final paragraph sounds very much like an LLM summarization, which is tripping me up.",,2024-01-31 21:08:19,6,2,4,GPT-4,LLM,TheBloke/Mixtral-8x7B-Instruct-v0.1-GPTQ
False,False,True,False,False,False,False,False,False,False,False,False,False,False,True,I do not think that AI would create the hashtag in the middle of the story. I also think that the descriptions of the clown nose and town at the beginning of the story are telling of human-like writing.,,2024-01-31 21:08:34,7,2,5,GPT-4,LLM,TheBloke/Mixtral-8x7B-Instruct-v0.1-GPTQ
True,False,False,False,False,False,False,False,False,False,False,False,False,False,False,"The story exhibits creative and imaginative elements, suggesting a human author.",,2024-01-31 21:09:22,3,3,3,Llama-2-7B,LLM,TheBloke/Mixtral-8x7B-Instruct-v0.1-GPTQ
False,False,False,False,False,False,False,False,False,False,True,False,True,True,False,The repetition of the exact words used in the prompt make me inclined to think this was written by an LLM.,,2024-01-31 21:09:41,6,3,2,Llama-2-7B,LLM,TheBloke/Mixtral-8x7B-Instruct-v0.1-GPTQ
False,False,False,False,False,False,False,False,False,False,False,True,False,False,True,The format of the short story is very atypical. The story overall is also very basic in its sentence structure.,,2024-01-31 21:10:33,7,3,1,Llama-2-7B,LLM,TheBloke/Mixtral-8x7B-Instruct-v0.1-GPTQ
True,False,False,False,False,False,False,False,False,False,False,False,False,False,False,"The story exhibits creative and imaginative elements, suggesting a human author.",,2024-01-31 21:11:05,3,4,3,Llama-2-13B,LLM,TheBloke/Mixtral-8x7B-Instruct-v0.1-GPTQ
False,False,False,False,False,False,False,False,False,False,False,False,True,True,False,"I have seen TV shows where this sort of writing was implemented, so purely based on that, I could believe if this was written by a real person, but I'm going to guess that this was written by an LLM. But I know human writers are capable of so so so much more.",,2024-01-31 21:11:43,6,4,2,Llama-2-13B,LLM,TheBloke/Mixtral-8x7B-Instruct-v0.1-GPTQ
False,False,False,False,False,False,False,False,False,False,False,True,True,False,False,"Likely AI. There are elements that indicate human writing like the questions asked, but the writing overall is very basic and lacks style.",,2024-01-31 21:13:00,7,4,2,Llama-2-13B,LLM,TheBloke/Mixtral-8x7B-Instruct-v0.1-GPTQ
True,True,True,False,False,False,False,False,False,False,False,False,False,False,False,"The story exhibits a high level of creativity, emotional depth, and nuanced exploration of philosophical concepts, suggesting it was likely written by a human.",,2024-01-31 21:13:15,3,5,5,GPT-4,LLM,TheBloke/Mixtral-8x7B-Instruct-v0.1-GPTQ
False,False,True,False,False,False,False,True,True,False,False,False,False,False,False,"The advanced vocabulary and use of literary techniques such as alliteration, anaphora, metaphors not only make the story more interesting but show a level of complexity that I feel makes the story more likely to be written by a human.",,2024-01-31 21:13:34,4,5,5,GPT-4,LLM,TheBloke/Mixtral-8x7B-Instruct-v0.1-GPTQ
False,True,True,False,False,False,False,False,False,False,False,False,False,False,False,"The explanation of how feeling unfulfillment and longing is what haunts you throughout your experience in Hell feels like something only a human would understand--these are probably among the most detested and feared human emotions and experiences, and I think only a human would know that this is a good thing to write about.",,2024-01-31 21:14:26,6,5,5,GPT-4,LLM,TheBloke/Mixtral-8x7B-Instruct-v0.1-GPTQ
False,False,True,False,False,False,False,True,True,False,False,False,False,False,False,The first paragraph indicated to me that this was written by a human as it was complex and very descriptive. I don't think that these kinds of descriptions could be generated by AI.,,2024-01-31 21:15:06,7,5,5,GPT-4,LLM,TheBloke/Mixtral-8x7B-Instruct-v0.1-GPTQ
True,True,True,False,False,False,False,False,False,False,False,False,False,False,False,"The story is likely written by a human. It demonstrates a level of creativity, emotional depth, and narrative complexity.",,2024-01-31 21:15:24,3,6,4,Llama-2-7B,LLM,TheBloke/Mixtral-8x7B-Instruct-v0.1-GPTQ
False,False,False,False,False,False,False,False,False,False,False,True,False,False,False,"The stuff about Commander Rythor and the aliens feels so much more real, while the content about the humans feels far more uninteresting to me. I'm stumped on whether or not this is human authored.",,2024-01-31 21:16:21,6,6,3,Llama-2-7B,LLM,TheBloke/Mixtral-8x7B-Instruct-v0.1-GPTQ
False,False,False,False,False,False,False,False,False,False,False,True,False,False,False,"The name John Smith is incredibly basic, and so is the writing style overall. There is not much description of the scene, it is mostly just plot. The commander of the aliens is also introduced with little to no warning.",,2024-01-31 21:18:44,7,6,1,Llama-2-7B,LLM,TheBloke/Mixtral-8x7B-Instruct-v0.1-GPTQ
False,False,False,False,False,True,False,False,False,False,False,True,False,False,False,I'm convinced this is LLM authorship due to the simplicity of the story and grammatical errors throughout the entirety of it with the addition of no direction or conclusion to this story.,,2024-01-31 21:20:44,3,7,2,Vicuna-33B,LLM,TheBloke/Mixtral-8x7B-Instruct-v0.1-GPTQ
False,False,False,False,False,False,False,False,False,False,False,False,False,False,True,"There's so little content here that I can't really make a definitive judgement one way or the other, but I'm leaning towards LLM authorship solely because of the technological smart hive references.",,2024-01-31 21:21:11,6,7,2,Vicuna-33B,LLM,TheBloke/Mixtral-8x7B-Instruct-v0.1-GPTQ
False,False,False,False,False,False,False,False,False,False,False,True,False,False,False,"It's all grammatically correct, but there is no description or real scene set in this piece.",,2024-01-31 21:22:15,7,7,1,Vicuna-33B,LLM,TheBloke/Mixtral-8x7B-Instruct-v0.1-GPTQ
True,True,True,False,False,False,False,False,False,False,False,False,False,False,False,"The story exhibits a level of creativity, emotional depth, and nuanced character portrayal that suggests a higher likelihood of being written by a human.",,2024-01-31 21:22:30,3,8,4,GPT-4,LLM,TheBloke/Mixtral-8x7B-Instruct-v0.1-GPTQ
False,False,True,False,False,False,False,False,False,False,False,False,False,False,False,"Something about how the words are strung together feels human to me, and the way the prose creates space between the dialogue also feels quite human to me, but maybe AI storytelling is just way better than I thought possible. Essentially, I think the pacing is what feels human to me.",,2024-01-31 21:22:44,6,8,4,GPT-4,LLM,TheBloke/Mixtral-8x7B-Instruct-v0.1-GPTQ
False,True,True,False,False,False,False,False,False,False,False,False,False,False,False,I think that this was written by a human because emotions are accurately portrayed. It's also a pretty in-depth scene.,,2024-01-31 21:22:59,7,8,5,GPT-4,LLM,TheBloke/Mixtral-8x7B-Instruct-v0.1-GPTQ
False,True,True,False,False,False,False,False,False,False,False,False,False,False,False,"The story appears to be written by a human. It includes emotional elements, character development, and a narrative structure that aligns with standard storytelling styles.",,2024-01-31 21:24:54,3,9,4,Llama-2-7B,LLM,TheBloke/Mixtral-8x7B-Instruct-v0.1-GPTQ
False,False,False,False,False,False,False,False,False,False,False,True,False,False,True,The writing does not answer from the parent's point of view like the prompt asked. The writing style is also very basic and the story is mostly background and not fleshed out.,,2024-01-31 21:25:49,7,9,1,Llama-2-7B,LLM,TheBloke/Mixtral-8x7B-Instruct-v0.1-GPTQ
False,False,False,True,True,False,False,False,False,False,False,False,False,False,False,The comedial and informal structure of this story makes it almost certain this was written by a human.,,2024-01-31 21:26:05,3,10,5,Human-Low,Human,TheBloke/Mixtral-8x7B-Instruct-v0.1-GPTQ
False,False,False,False,True,True,False,False,False,False,False,False,False,False,False,"I think it was probably written by a human because of the use of Gen Z lingo and there was a typo where the word ""at"" was repeated twice.",,2024-01-31 21:26:24,4,10,4,Human-Low,Human,TheBloke/Mixtral-8x7B-Instruct-v0.1-GPTQ
False,False,False,False,False,False,True,False,False,False,False,False,False,False,False,"I've read a lot of stories from people on r/writingprompts, and there's a certain genre of stories that falls into this kind of category; it's marked by aggressive language, a flash fiction kind of length, and usually opens with a sentence that essentially communicates ""Stop f***ing around.""",,2024-01-31 21:28:17,6,10,5,Human-Low,Human,TheBloke/Mixtral-8x7B-Instruct-v0.1-GPTQ
False,False,False,False,False,False,True,False,False,False,False,False,False,False,False,"I think the cursing is characteristic of humans, so I think a human would write this.",,2024-01-31 21:28:32,7,10,4,Human-Low,Human,TheBloke/Mixtral-8x7B-Instruct-v0.1-GPTQ
False,False,True,False,False,False,False,False,False,False,False,False,False,False,False,The presence of emotional nuances and the nuanced exploration of cosmic consequences leans slightly toward human-like narrative construction.,,2024-01-31 21:28:57,3,11,3,Llama-2-70B,LLM,TheBloke/Mixtral-8x7B-Instruct-v0.1-GPTQ
False,False,False,False,False,False,False,False,False,False,True,False,False,False,False,"Repeated use of rhetorical questions--this is something that is often used in example short stories that are included in online writing resources, but I find that experienced human writers rarely actually utilize them. And, if they do, it's never as much as seen in this story.",,2024-01-31 21:29:54,6,11,1,Llama-2-70B,LLM,TheBloke/Mixtral-8x7B-Instruct-v0.1-GPTQ
False,False,False,False,False,False,False,False,False,False,True,True,False,False,False,There are repetitive elements in the story such as many questions in a row asked. There's also not much action going on.,,2024-01-31 21:30:50,7,11,1,Llama-2-70B,LLM,TheBloke/Mixtral-8x7B-Instruct-v0.1-GPTQ
False,True,True,False,False,False,False,True,True,False,False,False,False,False,False,The story exhibits a level of emotional intelligence and nuanced exploration of relationships that aligns with human-authored narratives.,,2024-01-31 21:31:16,3,12,4,Llama-2-70B,LLM,TheBloke/Mixtral-8x7B-Instruct-v0.1-GPTQ
False,False,True,False,False,False,False,False,False,False,False,False,False,False,True,"Lack of psychological/emotion depth, and the rhetorical questions.",,2024-01-31 21:33:49,6,12,1,Llama-2-70B,LLM,TheBloke/Mixtral-8x7B-Instruct-v0.1-GPTQ
False,False,False,False,False,False,False,True,False,False,False,False,True,False,True,"From the very beginning, when the story was told from a third-person perspective, I thought that it might have been written by AI. It does not answer the prompt and put the reader in a first person perspective.",,2024-01-31 21:36:26,7,12,1,Llama-2-70B,LLM,TheBloke/Mixtral-8x7B-Instruct-v0.1-GPTQ
True,False,False,False,False,False,False,False,False,False,False,False,False,False,False,The story demonstrates a level of creativity and emotional intelligence that aligns with human-authored narratives.,,2024-01-31 21:37:30,3,13,4,Vicuna-33B,LLM,TheBloke/Mixtral-8x7B-Instruct-v0.1-GPTQ
False,False,False,False,False,False,False,False,False,False,False,True,False,False,True,"With the conclusion, I don't think a person would try to create or form a message out of a short story for the reader to ""learn from.""",,2024-01-31 21:40:13,7,13,1,Vicuna-33B,LLM,TheBloke/Mixtral-8x7B-Instruct-v0.1-GPTQ
False,True,True,False,False,False,False,False,False,False,False,False,False,False,False,The story demonstrates a nuanced understanding of human emotions and experiences in the face of the unknown.,,2024-01-31 21:40:42,3,14,4,Vicuna-33B,LLM,TheBloke/Mixtral-8x7B-Instruct-v0.1-GPTQ
False,False,True,False,False,False,False,True,False,False,False,False,True,False,False,"Unnecessary repetition, weird and unnatural reflection on the resilience of humanity. I don't think a human writer would do this, especially not one that has such a strong command of language that creates such rich, ornate details and descriptions as is seen in this story.",,2024-01-31 21:41:51,6,14,1,Vicuna-33B,LLM,TheBloke/Mixtral-8x7B-Instruct-v0.1-GPTQ
False,False,False,False,False,False,False,False,False,False,True,False,False,False,False,The cliche descriptions at the beginning of the piece indicated to me that this was AI writing.,,2024-01-31 21:42:16,7,14,1,Vicuna-33B,LLM,TheBloke/Mixtral-8x7B-Instruct-v0.1-GPTQ
True,True,True,False,False,False,False,False,False,False,False,False,False,False,False,The story exhibits a level of creativity and emotional depth that aligns with human-authored narratives.,,2024-01-31 21:42:55,3,15,4,Vicuna-33B,LLM,TheBloke/Mixtral-8x7B-Instruct-v0.1-GPTQ
False,False,False,False,False,False,False,False,False,False,True,True,True,True,True,"Once upon a time, it immediately indicated to me that this was written by AI. Again, it is also very obvious about the message of the story in the conclusion of the piece.",,2024-01-31 21:49:03,7,15,1,Vicuna-33B,LLM,TheBloke/Mixtral-8x7B-Instruct-v0.1-GPTQ
True,False,True,False,False,False,False,False,False,False,False,False,False,False,False,The story exhibits a level of creativity and nuanced exploration of political themes that aligns with human-authored narratives.,,2024-01-31 21:49:18,3,16,4,Llama-2-13B,LLM,TheBloke/Mixtral-8x7B-Instruct-v0.1-GPTQ
False,False,False,False,False,False,False,False,False,False,False,False,False,False,True,The topics covered feel very much like something an LLM would write about.,,2024-01-31 21:52:59,6,16,1,Llama-2-13B,LLM,TheBloke/Mixtral-8x7B-Instruct-v0.1-GPTQ
False,False,False,False,False,False,False,False,False,False,False,False,True,True,False,"Once I saw the name Jameson Smith, I had a feeling this was AI written. There seems to be a pattern with texts that I believe to be AI and the introduction of a character by their first and last name. I also think the mention of AI in this story is quite unusual, and I don't know if a person's first thought would be to go for that idea.",,2024-01-31 21:53:19,7,16,1,Llama-2-13B,LLM,TheBloke/Mixtral-8x7B-Instruct-v0.1-GPTQ
False,True,True,False,False,False,False,False,False,False,False,False,False,False,False,The story demonstrates a level of emotional nuance and exploration of complex themes that aligns with human-authored narratives.,,2024-01-31 21:54:11,3,17,3,Llama-2-70B,LLM,TheBloke/Mixtral-8x7B-Instruct-v0.1-GPTQ
True,False,True,False,False,False,False,False,False,False,False,False,False,False,False,The story demonstrates a level of emotional depth and creativity in portraying the lives of bees with a human-like connection. The anthropomorphism and the nuanced interactions make it more likely to be human-generated.,,2024-01-31 22:00:57,3,18,5,Llama-2-7B,LLM,TheBloke/Mixtral-8x7B-Instruct-v0.1-GPTQ
False,False,False,False,False,False,False,False,False,False,False,False,False,True,False,"I think the differences in speech (such as ""ye"") indicate that a human most likely wrote this. But, it does have the AI characteristic of a blatant lesson at the end of the story of the generations learning to work together.",,2024-01-31 22:01:24,7,18,4,Llama-2-7B,LLM,TheBloke/Mixtral-8x7B-Instruct-v0.1-GPTQ
True,True,True,False,False,False,False,False,False,False,False,False,False,False,False,"The story demonstrates creativity, emotional depth, and nuanced exploration of human relationships, suggesting a human touch.",,2024-01-31 22:02:47,3,19,4,GPT-4,LLM,TheBloke/Mixtral-8x7B-Instruct-v0.1-GPTQ
False,False,False,False,False,False,False,False,False,False,False,False,True,False,False,"The introductory paragraph feels very robotic, but the rest of the story feels somewhat more human... sort of.",,2024-01-31 22:03:37,6,19,2,GPT-4,LLM,TheBloke/Mixtral-8x7B-Instruct-v0.1-GPTQ
False,False,False,False,False,True,False,False,False,False,False,False,False,False,False,"There is an error in punctuation in the second to last paragraph, and I find that indicative of human writing. There's also a different flow to this text, one that uses longer sentences and more descriptive words.",,2024-01-31 22:04:14,7,19,5,GPT-4,LLM,TheBloke/Mixtral-8x7B-Instruct-v0.1-GPTQ
True,False,True,False,False,False,False,False,False,False,False,False,False,False,False,The story demonstrates a level of emotional depth and creativity in exploring the vampire's relationship with video games.,,2024-01-31 22:05:59,4,20,4,Llama-2-13B,LLM,TheBloke/Mixtral-8x7B-Instruct-v0.1-GPTQ
False,False,False,False,False,False,False,False,False,False,False,True,True,False,False,"The writing style is very consistent throughout--too consistent almost. Marcus is also not a name that strikes fear, so I wouldn't use it for a Vampire.",,2024-01-31 22:06:29,7,20,1,Llama-2-13B,LLM,TheBloke/Mixtral-8x7B-Instruct-v0.1-GPTQ
False,False,False,False,False,True,False,False,False,False,False,False,False,False,False,"While it exhibits qualities associated with human writing, there are some issues associated with the conclusion mainly due to the way it cuts short without any punctuation.",,2024-01-31 22:07:01,4,21,2,Vicuna-33B,LLM,TheBloke/Mixtral-8x7B-Instruct-v0.1-GPTQ
False,False,False,False,False,False,False,False,False,False,False,True,False,False,True,The names are very basic. The story is not fleshed out. There's little to no writing style.,,2024-01-31 22:07:16,7,21,1,Vicuna-33B,LLM,TheBloke/Mixtral-8x7B-Instruct-v0.1-GPTQ
False,True,True,False,False,False,False,False,False,False,False,False,False,False,False,"Considering the story's authentic portrayal of political disillusionment, its ability to evoke empathy through well-developed characters, and the engaging narrative that provokes emotion, I would rate the likelihood of human authorship.",,2024-01-31 22:07:55,4,22,4,GPT-4,LLM,TheBloke/Mixtral-8x7B-Instruct-v0.1-GPTQ
False,False,False,False,False,True,False,False,False,False,False,False,True,False,False,"The story has kind of a robotic feel to it, but some parts are different like the grammatical mistake with the dash towards the beginning of the paper (it has a space). Also, characters are introduced by their first and last name again.",,2024-01-31 22:09:17,7,22,3,GPT-4,LLM,TheBloke/Mixtral-8x7B-Instruct-v0.1-GPTQ
False,False,False,False,False,False,False,False,False,True,True,True,True,True,False,"Random, unnecessary names; redundant descriptions for emotion; exact same wording as used in prompt.",,2024-01-31 22:09:48,3,23,1,Llama-2-13B,LLM,TheBloke/Mixtral-8x7B-Instruct-v0.1-GPTQ
False,True,True,False,False,False,False,False,False,False,False,False,False,False,False,"Considering the somewhat conventional narrative elements and the room for deeper exploration of emotions and complexity, I would rate the likelihood of human authorship for this story as a 3.",,2024-01-31 22:10:35,4,23,3,Llama-2-13B,LLM,TheBloke/Mixtral-8x7B-Instruct-v0.1-GPTQ
False,False,False,False,False,False,False,False,False,False,False,True,False,False,False,Twins. . . and the sister was two years older? Question markssss lmao,,2024-01-31 22:16:43,2,24,1,Llama-2-13B,LLM,TheBloke/Mixtral-8x7B-Instruct-v0.1-GPTQ
False,True,True,False,False,False,False,False,False,False,False,False,False,False,False,"Considering the nuanced exploration of human emotions, the well-crafted plot twists, and the depth of the characters' experiences, I would rate the likelihood of human authorship for this story as a 2.",,2024-01-31 22:17:23,4,24,4,Llama-2-13B,LLM,TheBloke/Mixtral-8x7B-Instruct-v0.1-GPTQ
False,False,False,False,False,False,False,False,False,False,True,True,False,False,True,"The first sentence basically repeats what the prompt is asking. There's also the same ""lesson to be learned"" at the end of the piece.",,2024-01-31 22:18:02,7,24,1,Llama-2-13B,LLM,TheBloke/Mixtral-8x7B-Instruct-v0.1-GPTQ
False,False,True,False,False,False,False,True,True,False,False,False,False,False,False,"Considering the nuanced exploration of human emotions, the complexity of the supernatural encounter, and the seamless integration of psychological elements, I would rate the likelihood of human authorship for this story as a 1.",,2024-01-31 22:18:14,4,25,5,Llama-2-70B,LLM,TheBloke/Mixtral-8x7B-Instruct-v0.1-GPTQ
False,False,False,False,False,False,False,False,False,False,True,False,False,True,False,"I think that this is likely written by AI. The phrases ""on one hand"" and ""on the other hand"" indicate that there is an algorithm maybe being used to create conflict.",,2024-01-31 22:18:44,7,25,2,Llama-2-70B,LLM,TheBloke/Mixtral-8x7B-Instruct-v0.1-GPTQ
False,False,True,False,False,False,False,False,False,False,False,False,False,False,False,"Considering the nuanced exploration of human emotions, the gradual unfolding of a familial mystery, and the effective blend of grief and suspicion, I would rate the likelihood of human authorship for this story as a 2.",,2024-01-31 22:19:06,4,26,4,Llama-2-7B,LLM,TheBloke/Mixtral-8x7B-Instruct-v0.1-GPTQ
False,False,False,False,False,False,False,False,False,False,True,True,True,True,True,I immediately felt this was AI-generated when I read the last few sentences. It does not answer the prompt as this is supposed to be from the spouse's point of view.,,2024-01-31 22:19:27,7,26,5,Llama-2-7B,LLM,TheBloke/Mixtral-8x7B-Instruct-v0.1-GPTQ
False,True,True,False,False,False,False,False,False,False,False,False,False,False,False,"Considering the nuanced exploration of family dynamics, the emotional depth, and the well-crafted resolution, I would rate the likelihood of human authorship for this story as a 1.",,2024-01-31 22:19:41,4,27,5,Vicuna-33B,LLM,TheBloke/Mixtral-8x7B-Instruct-v0.1-GPTQ
False,False,True,False,False,False,False,True,True,False,False,False,False,False,False,"Again, this is from the point of view of the daughter, not the father, so it doesn't answer the prompt. Also, the age of the daughter is repeated twice.",,2024-01-31 22:20:04,7,27,1,Vicuna-33B,LLM,TheBloke/Mixtral-8x7B-Instruct-v0.1-GPTQ
False,True,True,False,False,False,False,False,False,False,False,False,False,False,False,"Considering the nuanced exploration of human emotions, the philosophical reflections, and the well-crafted resolution, I would rate the likelihood of human authorship for this story as a 1.",,2024-01-31 22:20:18,4,28,5,Llama-2-13B,LLM,TheBloke/Mixtral-8x7B-Instruct-v0.1-GPTQ
False,False,False,False,False,False,False,False,False,False,False,False,False,False,True,A part of me thinks it is written by a human by I am skeptical of the fact that there are no names offered and the use of â€œmy partnerâ€ makes the legitimacy of the relationship and â€œbetrayalâ€ seem fake.,,2024-01-31 22:20:47,6,28,3,Llama-2-13B,LLM,TheBloke/Mixtral-8x7B-Instruct-v0.1-GPTQ
False,False,False,False,False,False,False,False,False,False,False,True,False,False,True,"There's a ""lesson to be learned"" aspect at the end of this piece. The conflict is also resolved too easily.",,2024-01-31 22:21:16,7,28,1,Llama-2-13B,LLM,TheBloke/Mixtral-8x7B-Instruct-v0.1-GPTQ
False,True,True,False,False,False,False,False,False,False,False,False,False,False,False,"Considering the nuanced exploration of human emotions, the diverse voices in the voicemail messages, and the well-crafted narrative complexity, I would rate the likelihood of human authorship for this story as a 2.",,2024-01-31 22:21:35,4,29,4,Vicuna-33B,LLM,TheBloke/Mixtral-8x7B-Instruct-v0.1-GPTQ
False,False,False,False,False,False,False,False,False,False,False,True,False,False,True,"This is not exactly a short story, more like a summary that you would read inside the cover of a book.",,2024-01-31 22:22:28,7,29,1,Vicuna-33B,LLM,TheBloke/Mixtral-8x7B-Instruct-v0.1-GPTQ
False,False,True,False,False,False,False,True,False,False,False,False,False,False,False,"Considering the exploration of human and robot experiences, the authentic portrayal of emotions, and the well-crafted narrative complexity, I would rate the likelihood of human authorship for this story as a 2.",,2024-01-31 22:22:43,4,30,4,Vicuna-33B,LLM,TheBloke/Mixtral-8x7B-Instruct-v0.1-GPTQ
False,False,False,False,False,False,False,False,False,False,False,True,False,False,True,"The ""Once upon a time"" indicated to me that this story was written by AI. There isn't much action to the story, mostly background and only the description of action like the rebellion. There's also the ""lesson to be learned"" element.",,2024-01-31 22:24:54,7,30,1,Vicuna-33B,LLM,TheBloke/Mixtral-8x7B-Instruct-v0.1-GPTQ
False,True,True,False,False,False,False,False,False,False,False,False,False,False,False,"Considering the nuanced exploration of unexpected paradises, the emotional depth of the protagonist's journey, and the well-executed narrative complexity, I would rate the likelihood of human authorship for this story as a 1.",,2024-01-31 22:25:33,4,31,5,Llama-2-7B,LLM,TheBloke/Mixtral-8x7B-Instruct-v0.1-GPTQ
False,False,False,False,False,False,False,False,False,False,False,False,False,False,True,I think the descriptions at the beginning of the piece indicate this to be human writing.,,2024-01-31 22:25:48,7,31,4,Llama-2-7B,LLM,TheBloke/Mixtral-8x7B-Instruct-v0.1-GPTQ
False,True,True,False,False,False,False,False,False,False,False,False,False,False,False,"Considering the nuanced exploration of depression, the authentic emotional depth, and the well-executed narrative complexity, I would rate the likelihood of human authorship for this story as a 1.",,2024-01-31 22:26:24,4,32,5,Vicuna-33B,LLM,TheBloke/Mixtral-8x7B-Instruct-v0.1-GPTQ
False,False,False,False,False,False,False,False,False,False,False,False,False,False,True,"There's the ""lesson to be learned"" element I've found in AI writing. I also think a human would go with a more darkened storyline rather than just summing it up with a positive ending.",,2024-01-31 22:27:33,7,32,1,Vicuna-33B,LLM,TheBloke/Mixtral-8x7B-Instruct-v0.1-GPTQ
False,True,True,False,False,False,False,False,False,False,False,False,False,False,False,"Considering the nuanced exploration of emotional depth, the authentic portrayal of the internal struggles faced by the characters, and the effective storytelling that engages the reader, I would rate the likelihood of human authorship for this story as a 1.",,2024-01-31 22:27:48,4,33,5,GPT-4,LLM,TheBloke/Mixtral-8x7B-Instruct-v0.1-GPTQ
False,False,False,False,False,False,False,False,False,False,False,True,False,False,False,"I think the first part is very human-like. The descriptions are good. But, again, there's that ""lesson to be learned"" element. Also, the characters are very tropey from what you would expect in this prompt.",,2024-01-31 22:28:23,7,33,3,GPT-4,LLM,TheBloke/Mixtral-8x7B-Instruct-v0.1-GPTQ
False,True,True,False,False,False,False,False,False,False,False,False,False,False,False,"Considering the nuanced exploration of human emotions and the relatable portrayal of a personal struggle, I would rate the likelihood of human authorship for this story as a 1.",,2024-01-31 22:28:40,4,34,5,Llama-2-7B,LLM,TheBloke/Mixtral-8x7B-Instruct-v0.1-GPTQ
False,False,True,False,False,False,False,False,False,False,False,False,False,False,False,"Considering the nuanced exploration of human emotions, the authentic portrayal of isolation and connection, and the effective elicitation of empathy, I would rate the likelihood of human authorship for this story as a 2.",,2024-01-31 22:32:34,4,35,4,Vicuna-33B,LLM,TheBloke/Mixtral-8x7B-Instruct-v0.1-GPTQ
False,False,False,False,False,False,False,False,False,False,False,True,False,False,False,"The emotions portrayed are very basic. It also uses quotes directly from the prompt, but there's also no alteration to them or style.",,2024-01-31 22:36:21,7,35,2,Vicuna-33B,LLM,TheBloke/Mixtral-8x7B-Instruct-v0.1-GPTQ
False,False,False,False,False,False,False,False,False,False,True,True,True,True,False,"The emotional depth and character portrayal suggest human creativity, but the structured and formulaic nature of the plot points toward the possibility of it being generated by a language model.",,2024-01-31 22:36:49,4,36,3,Llama-2-13B,LLM,TheBloke/Mixtral-8x7B-Instruct-v0.1-GPTQ
False,False,True,False,False,False,False,False,False,False,False,False,False,False,False,"There's not much stylistic variance in the writing. But, I think there's a human-element to the way this is portrayed overall.",,2024-01-31 22:37:41,7,36,3,Llama-2-13B,LLM,TheBloke/Mixtral-8x7B-Instruct-v0.1-GPTQ
True,True,True,False,False,False,False,True,True,False,False,False,False,False,False,"The emotional depth, vivid descriptions, and nuanced exploration of consequences suggest human creativity.",,2024-01-31 22:38:08,4,37,4,Vicuna-33B,LLM,TheBloke/Mixtral-8x7B-Instruct-v0.1-GPTQ
True,True,True,False,False,False,False,False,False,False,False,False,False,False,False,The story shows creativity and emotional depth suggesting that it was written by a human.,,2024-01-31 22:44:13,4,38,4,Llama-2-70B,LLM,TheBloke/Mixtral-8x7B-Instruct-v0.1-GPTQ
False,False,False,False,False,False,False,False,False,False,False,True,False,False,True,"I'm not sure that the prompt was answered. They are supposed to celebrate the aliens, but this is more of debate.",,2024-01-31 22:44:29,7,38,4,Llama-2-70B,LLM,TheBloke/Mixtral-8x7B-Instruct-v0.1-GPTQ
True,True,False,False,False,False,False,False,False,False,False,False,False,False,False,The story demonstrates creativity and emotional depth suggesting human authorship.,,2024-01-31 22:46:36,4,39,4,GPT-4,LLM,TheBloke/Mixtral-8x7B-Instruct-v0.1-GPTQ
False,False,False,False,False,False,False,False,False,False,False,False,False,False,False,The descriptive and stylistic elements aren't robotic and have a flow.,,2024-01-31 22:48:12,7,39,5,GPT-4,LLM,TheBloke/Mixtral-8x7B-Instruct-v0.1-GPTQ
False,False,True,False,False,False,False,False,False,False,False,False,False,False,False,"It answers the prompt, but with outside information and actions, like the Dr. Lee aspect. Also, I think it portrays human emotion accurately.",,2024-01-31 22:48:52,4,40,5,Llama-2-70B,LLM,TheBloke/Mixtral-8x7B-Instruct-v0.1-GPTQ
False,False,True,False,False,False,False,False,False,False,False,False,False,False,False,"The narrative leans heavily towards human authorship due to its nuanced portrayal of emotions, character development, and the exploration of the human-dog relationship.",,2024-01-31 22:49:06,7,40,5,Llama-2-70B,LLM,TheBloke/Mixtral-8x7B-Instruct-v0.1-GPTQ
False,False,True,False,False,False,False,True,False,False,False,False,False,False,False,"The first paragraph seemed like it copied the prompt, but otherwise, the descriptive factors were good. I also liked the layering of the story.",,2024-01-31 22:49:46,4,41,5,GPT-4,LLM,TheBloke/Mixtral-8x7B-Instruct-v0.1-GPTQ
True,True,True,False,False,False,False,False,False,False,False,False,False,False,False,"The narrative exhibits a level of creativity, emotional depth, and nuanced storytelling that aligns more with human authorship.",,2024-01-31 22:50:53,7,41,5,GPT-4,LLM,TheBloke/Mixtral-8x7B-Instruct-v0.1-GPTQ
False,False,True,False,False,False,False,True,True,False,False,False,False,False,False,"I think it answers the prompt, but adds in other elements and characteristics that I think a human would be able to write about.",,2024-01-31 22:51:08,4,42,5,GPT-4,LLM,TheBloke/Mixtral-8x7B-Instruct-v0.1-GPTQ
True,True,True,False,False,False,False,False,False,False,False,False,False,False,False,"The narrative exhibits a high level of human creativity, emotional depth, and nuanced storytelling.",,2024-01-31 22:51:37,7,42,5,GPT-4,LLM,TheBloke/Mixtral-8x7B-Instruct-v0.1-GPTQ
False,False,True,False,False,False,False,False,False,False,False,False,False,False,False,"The dialogue, style, and overall flow is characteristic of human writing. There are phrases and wordings that I don't know AI would be able to create as they require true imagination.",,2024-01-31 22:52:16,4,43,5,GPT-4,LLM,TheBloke/Mixtral-8x7B-Instruct-v0.1-GPTQ
True,False,True,False,False,False,False,False,False,False,False,False,False,False,False,"The narrative exhibits a high level of creativity, imaginative storytelling, and a nuanced understanding of human behavior.",,2024-01-31 22:53:35,7,43,5,GPT-4,LLM,TheBloke/Mixtral-8x7B-Instruct-v0.1-GPTQ
False,True,True,False,False,False,False,False,False,False,False,False,False,False,False,The style of the writing is very descriptive and comes up with phrases that I don't think AI would be able to. There's also a lot of depth and complexity to the characters.,,2024-01-31 22:54:26,4,44,5,GPT-4,LLM,TheBloke/Mixtral-8x7B-Instruct-v0.1-GPTQ
True,True,True,False,False,False,False,False,False,True,False,False,False,False,False,"The narrative exhibits a high level of creativity, emotional depth, and a seamless blend of supernatural and modern elements. The exploration of vampire mythology, the virtual world, and the dynamics between the characters align more with human authorship.",,2024-01-31 22:55:30,7,44,5,GPT-4,LLM,TheBloke/Mixtral-8x7B-Instruct-v0.1-GPTQ
True,False,False,False,False,False,False,False,False,True,False,False,False,False,False,Probably a human. The descriptive parts of the writing were human-like. I also think the twist in the concept of the dream was good.,,2024-01-31 22:55:53,4,45,4,Llama-2-7B,LLM,TheBloke/Mixtral-8x7B-Instruct-v0.1-GPTQ
True,True,True,False,False,False,False,False,False,False,False,False,False,False,False,"The narrative exhibits a high level of creativity, emotional depth, and a nuanced exploration of dreams and human connections.",,2024-01-31 22:56:12,7,45,5,Llama-2-7B,LLM,TheBloke/Mixtral-8x7B-Instruct-v0.1-GPTQ
False,False,False,False,False,False,False,False,False,False,True,True,False,True,True,The story seems to start halfway through but AI stories would try to create a complete narrative that ticks off all the boxes.,,2024-01-31 22:57:03,3,46,4,Llama-2-7B,LLM,TheBloke/Mixtral-8x7B-Instruct-v0.1-GPTQ
False,False,False,False,False,False,False,False,False,False,True,True,False,False,True,AI because it's very short and doesn't really answer the prompt.,,2024-01-31 22:57:31,4,46,1,Llama-2-7B,LLM,TheBloke/Mixtral-8x7B-Instruct-v0.1-GPTQ
False,False,False,False,False,False,False,False,False,False,True,False,True,False,False,Strange and consistent use of ampersands is copying the ampersand used in the prompt.,,2024-01-31 22:58:01,6,46,1,Llama-2-7B,LLM,TheBloke/Mixtral-8x7B-Instruct-v0.1-GPTQ
True,True,True,False,False,False,False,False,False,False,False,False,False,False,False,The narrative showcases creativity in portraying a mystical encounter and the subsequent internal transformation. The emotional resonance and the exploration of inner strength align more with human authorship.,,2024-01-31 22:59:34,7,46,5,Llama-2-7B,LLM,TheBloke/Mixtral-8x7B-Instruct-v0.1-GPTQ
False,False,False,False,False,False,False,False,False,False,False,True,False,False,True,"The story isn't really fleshed out. There's also a ""lesson to be learned"" aspect.",,2024-01-31 23:00:03,4,47,1,Llama-2-7B,LLM,TheBloke/Mixtral-8x7B-Instruct-v0.1-GPTQ
True,False,False,False,False,False,False,False,False,True,False,False,False,False,False,The narrative showcases creativity in imagining a novel political system and effectively explores the implications of such a system on the electoral process. The human touch in reflecting on the ethical aspects aligns more with human authorship.,,2024-01-31 23:01:58,7,47,4,Llama-2-7B,LLM,TheBloke/Mixtral-8x7B-Instruct-v0.1-GPTQ
False,False,False,False,False,False,False,False,False,False,True,True,False,False,True,There's a lot of basic dialogue. The parent also doesn't react like a human would to the situation at hand.,,2024-01-31 23:02:19,4,48,1,Llama-2-13B,LLM,TheBloke/Mixtral-8x7B-Instruct-v0.1-GPTQ
False,False,True,False,False,False,False,False,False,False,False,False,False,False,False,"he story reflects a nuanced understanding of human emotions, especially those related to parental concern. The dialogue and the portrayal of the parent's perspective align with human experiences.",,2024-01-31 23:02:47,7,48,5,Llama-2-13B,LLM,TheBloke/Mixtral-8x7B-Instruct-v0.1-GPTQ
False,False,False,False,False,False,False,False,False,False,True,True,False,True,False,The writing was monotone. There was a distinct pattern in how it was structured.,,2024-01-31 23:03:42,4,49,1,Vicuna-33B,LLM,TheBloke/Mixtral-8x7B-Instruct-v0.1-GPTQ
True,True,True,False,False,False,False,False,False,False,False,False,False,False,False,The story demonstrates creativity and an understanding of human emotions suggesting a human author.,,2024-01-31 23:04:51,7,49,4,Vicuna-33B,LLM,TheBloke/Mixtral-8x7B-Instruct-v0.1-GPTQ
False,False,False,False,False,False,False,False,False,True,False,False,False,False,False,Thereâ€™s a lot of descriptive factors and the story has a lot of twists and turns.,,2024-01-31 23:05:45,4,50,5,Llama-2-70B,LLM,TheBloke/Mixtral-8x7B-Instruct-v0.1-GPTQ
True,True,True,False,False,False,False,False,False,False,False,False,False,False,False,"The story displays creativity, emotional depth, and a compelling plot suggesting a human author.",,2024-01-31 23:06:25,7,50,4,Llama-2-70B,LLM,TheBloke/Mixtral-8x7B-Instruct-v0.1-GPTQ
False,False,False,False,False,False,False,False,False,False,True,True,False,False,True,I think that the whole piece is just kind of a longer version of the prompt. The writing style is also very monotone.,,2024-01-31 23:07:01,4,51,1,Llama-2-7B,LLM,TheBloke/Mixtral-8x7B-Instruct-v0.1-GPTQ
True,False,False,False,False,False,False,False,False,False,True,True,True,True,False,"The story demonstrates creativity in addressing societal issues and the potential for unity between humans and robots. However, the somewhat predictable narrative and lack of detailed exploration might suggest it was written by a Language Model.",,2024-01-31 23:10:18,7,51,3,Llama-2-7B,LLM,TheBloke/Mixtral-8x7B-Instruct-v0.1-GPTQ
False,False,True,False,False,False,False,False,False,False,False,False,True,False,False,I donâ€™t think the conflict was resolved too easily. There is a lot of stylistic variance in the piece. There are also a lot of descriptive factors.,,2024-01-31 23:11:09,4,52,5,Human-High,Human,TheBloke/Mixtral-8x7B-Instruct-v0.1-GPTQ
True,False,False,False,False,False,False,False,False,False,False,False,False,False,False,The story demonstrates creativity in its exploration of depression in both humans and animals suggesting a human author.,,2024-01-31 23:13:03,7,52,4,Human-High,Human,TheBloke/Mixtral-8x7B-Instruct-v0.1-GPTQ
False,False,False,False,False,False,False,False,False,False,True,True,True,True,False,"The names were very telling and too themed towards the prompt. There was also a kind of pattern to the piece overall, it felt very automated.",,2024-01-31 23:13:48,4,53,1,Llama-2-7B,LLM,TheBloke/Mixtral-8x7B-Instruct-v0.1-GPTQ
True,False,False,False,False,False,False,False,False,False,False,False,False,False,False,The story demonstrates a level of creativity and imaginative storytelling that aligns with human authorship.,,2024-01-31 23:14:04,7,53,4,Llama-2-7B,LLM,TheBloke/Mixtral-8x7B-Instruct-v0.1-GPTQ
False,False,False,False,False,False,False,False,False,False,False,False,False,False,True,"I think there are some aspects that could have been human, but the length of the essay makes me wonder if it was AI generated.",,2024-01-31 23:14:36,4,54,3,Human-High,Human,TheBloke/Mixtral-8x7B-Instruct-v0.1-GPTQ
True,False,True,False,False,False,False,False,False,False,False,False,False,False,False,The story exhibits a level of emotional intelligence and creativity that aligns with human authorship.,,2024-01-31 23:18:03,7,54,4,Human-High,Human,TheBloke/Mixtral-8x7B-Instruct-v0.1-GPTQ
False,False,False,False,False,False,False,False,False,False,False,False,False,False,True,I mean there was a whole author's note at the beginning lmao,,2024-01-31 23:18:52,2,55,5,Llama-2-70B,LLM,TheBloke/Mixtral-8x7B-Instruct-v0.1-GPTQ
False,False,False,False,False,False,False,False,False,False,False,False,False,False,True,"Thereâ€™s a â€œlesson to be learnedâ€ aspect at the end of the piece. Also, the beginning of the story is a little weird as itâ€™s almost a commentary of the authorâ€™s thoughts while reading the prompt?",,2024-01-31 23:19:35,4,55,1,Llama-2-70B,LLM,TheBloke/Mixtral-8x7B-Instruct-v0.1-GPTQ
True,False,False,False,False,False,False,False,False,False,False,False,False,False,False,The story demonstrates a level of creativity and emotional intelligence that aligns with human authorship.,,2024-01-31 23:20:15,7,55,4,Llama-2-70B,LLM,TheBloke/Mixtral-8x7B-Instruct-v0.1-GPTQ
False,False,False,False,False,False,False,False,False,False,True,True,False,False,False,â€œ20 yearsâ€ is repeated a lot. The storyline is also very basic.,,2024-01-31 23:20:33,4,56,1,Llama-2-13B,LLM,TheBloke/Mixtral-8x7B-Instruct-v0.1-GPTQ
True,False,True,False,False,False,False,False,False,True,False,False,False,False,False,"The story exhibits a high likelihood of human authorship due to its nuanced exploration of emotions, the unique premise, and the effective creation of an authentic and engaging narrative.",,2024-01-31 23:21:42,7,56,5,Llama-2-13B,LLM,TheBloke/Mixtral-8x7B-Instruct-v0.1-GPTQ
False,False,False,False,False,False,False,False,False,False,True,True,True,False,False,"Thereâ€™s a â€œlesson to be learned aspect.â€ The writing is very monotone, and the story doesnâ€™t really make much sense.",,2024-01-31 23:23:01,4,57,1,Llama-2-13B,LLM,TheBloke/Mixtral-8x7B-Instruct-v0.1-GPTQ
True,False,False,True,False,False,False,False,False,True,False,False,False,False,False,"The story exhibits a high likelihood of human authorship due to its creative and humorous narrative, the incorporation of a fantastical element (Clown's Nose), and the effective delivery of a moral lesson.",,2024-01-31 23:25:11,7,57,5,Llama-2-13B,LLM,TheBloke/Mixtral-8x7B-Instruct-v0.1-GPTQ
False,False,False,False,False,False,False,False,False,False,False,True,False,False,False,It answers the prompt in the exact sequence it asks for. The storyline is also pretty basic.,,2024-01-31 23:25:25,4,58,1,Llama-2-13B,LLM,TheBloke/Mixtral-8x7B-Instruct-v0.1-GPTQ
False,False,False,False,False,False,False,False,False,True,False,False,False,False,False,"The story demonstrates a high likelihood of human authorship due to its effective execution of Lovecraftian horror elements, including cosmic entities, existential dread, and a twist ending.",,2024-01-31 23:27:20,7,58,5,Llama-2-13B,LLM,TheBloke/Mixtral-8x7B-Instruct-v0.1-GPTQ
False,False,True,False,False,False,False,False,False,False,False,False,False,False,False,The descriptive elements. The nonautomated intertwining of the three characters.,,2024-01-31 23:27:54,4,59,5,GPT-4,LLM,TheBloke/Mixtral-8x7B-Instruct-v0.1-GPTQ
True,True,True,False,False,False,False,False,False,False,False,False,False,False,False,"The story demonstrates a high likelihood of human authorship due to its creative exploration of a unique concept, well-executed character dynamics, and the effective blend of speculative and emotional elements.",,2024-01-31 23:28:56,7,59,5,GPT-4,LLM,TheBloke/Mixtral-8x7B-Instruct-v0.1-GPTQ
False,False,False,False,False,False,False,False,False,False,False,True,False,True,False,John Smith is a very basic name. The piece also follows too much of a structure.,,2024-01-31 23:29:30,4,60,1,Llama-2-13B,LLM,TheBloke/Mixtral-8x7B-Instruct-v0.1-GPTQ
False,False,True,False,False,False,False,False,False,False,False,False,False,False,False,"The story demonstrates a high likelihood of human authorship due to its nuanced exploration of human emotions, relatable struggles, and the effective portrayal of empathy.",,2024-01-31 23:29:41,7,60,5,Llama-2-13B,LLM,TheBloke/Mixtral-8x7B-Instruct-v0.1-GPTQ
True,False,False,False,False,False,False,False,False,True,False,False,False,False,False,There's a lot of imagination and stylistic variance in this piece.,,2024-01-31 23:30:53,4,61,5,GPT-4,LLM,TheBloke/Mixtral-8x7B-Instruct-v0.1-GPTQ
False,True,True,False,False,False,False,False,False,False,False,False,False,False,False,"The story exhibits a high likelihood of human authorship due to its nuanced exploration of emotions, authentic portrayal of beekeeping practices, and the depth of the relationship depicted.",,2024-01-31 23:31:32,7,61,5,GPT-4,LLM,TheBloke/Mixtral-8x7B-Instruct-v0.1-GPTQ
False,False,False,False,False,False,False,False,False,False,True,True,True,False,False,"The story seems very automated and there is no stylistic variance. There's also a ""lesson to be learned"" aspect at the end of the piece.",,2024-01-31 23:32:25,4,62,1,Llama-2-13B,LLM,TheBloke/Mixtral-8x7B-Instruct-v0.1-GPTQ
True,False,True,False,False,False,False,False,False,True,False,False,False,False,False,"The story exhibits a high likelihood of human authorship due to its imaginative exploration of an alien's perspective, its ability to create a captivating narrative, and the infusion of a unique concept involving the collective unconscious.",,2024-01-31 23:33:50,7,62,5,Llama-2-13B,LLM,TheBloke/Mixtral-8x7B-Instruct-v0.1-GPTQ
False,False,False,False,False,False,False,False,False,False,False,True,False,False,True,"There's a ""lesson to be learned"" aspect. The conflict is also resolved too easily. There's also too straightforward of a plot.",,2024-01-31 23:34:20,4,63,1,Vicuna-33B,LLM,TheBloke/Mixtral-8x7B-Instruct-v0.1-GPTQ
False,True,True,False,False,False,False,False,False,False,False,False,False,False,False,"The story exhibits a high likelihood of human authorship due to its nuanced exploration of complex emotions, relationships, and the carefully crafted revelation of a hidden truth.",,2024-01-31 23:34:42,7,63,4,Vicuna-33B,LLM,TheBloke/Mixtral-8x7B-Instruct-v0.1-GPTQ
False,False,False,False,False,False,False,False,False,False,False,True,False,True,False,"The story follows a storyline too strictly. Also, there's a ""lesson to be learned"" element. There's also no portrayal of human emotion here.",,2024-01-31 23:36:36,4,64,1,Llama-2-13B,LLM,TheBloke/Mixtral-8x7B-Instruct-v0.1-GPTQ
False,True,True,False,False,False,False,False,False,False,False,False,False,False,False,"The story is highly likely to be written by a human due to its nuanced exploration of emotions, the intricacies of human-animal relationships, and the thoughtful portrayal of depression and healing.",,2024-01-31 23:37:23,7,64,5,Llama-2-13B,LLM,TheBloke/Mixtral-8x7B-Instruct-v0.1-GPTQ
False,False,False,False,False,False,False,False,False,False,False,True,False,True,False,The story is much too structured. Human emotions are also not woven in accurately.,,2024-01-31 23:37:53,4,65,1,Llama-2-7B,LLM,TheBloke/Mixtral-8x7B-Instruct-v0.1-GPTQ
True,True,True,False,False,False,False,False,False,False,False,False,False,False,False,"The story is highly likely to be written by a human due to its creative exploration of a unique theme, the emotional depth in portraying the vampire's struggles, and the engaging narrative structure.",,2024-01-31 23:38:22,7,65,4,Llama-2-7B,LLM,TheBloke/Mixtral-8x7B-Instruct-v0.1-GPTQ
False,False,True,False,False,False,False,False,False,False,False,False,False,False,False,The descriptive elements are characteristic of human writing. There are also human emotions or things experienced that I don't think AI could replicate.,,2024-01-31 23:39:04,4,66,5,GPT-4,LLM,TheBloke/Mixtral-8x7B-Instruct-v0.1-GPTQ
True,False,True,False,False,False,False,False,False,False,False,False,False,False,False,"The story is highly likely to be written by a human. It demonstrates creativity in weaving a unique narrative, delves into complex human emotions, and reflects an understanding of storytelling nuances that align with human expression.",,2024-01-31 23:39:25,7,66,4,GPT-4,LLM,TheBloke/Mixtral-8x7B-Instruct-v0.1-GPTQ
False,False,False,False,False,False,False,False,False,False,False,False,True,False,False,"The addition of the elements like ""*gulp*"" is something that I don't think AI could manage.",,2024-01-31 23:40:18,4,67,5,Llama-2-7B,LLM,TheBloke/Mixtral-8x7B-Instruct-v0.1-GPTQ
False,False,True,False,False,False,False,False,False,False,False,False,False,False,False,"The story is likely written by a human. It demonstrates a nuanced understanding of human emotions, interpersonal connections, and storytelling elements that align with human expression and creativity.",,2024-01-31 23:40:57,7,67,4,Llama-2-7B,LLM,TheBloke/Mixtral-8x7B-Instruct-v0.1-GPTQ
False,False,False,False,False,False,False,False,False,False,True,True,True,True,True,The piece feels too automated and it's not really fleshed out. It also doesn't really answer the prompt.,,2024-01-31 23:42:12,4,68,1,Llama-2-70B,LLM,TheBloke/Mixtral-8x7B-Instruct-v0.1-GPTQ
True,False,True,False,False,False,False,False,False,False,False,False,False,False,False,"The story is likely written by a human. It exhibits creativity in conceptualizing a novel voting system and reflects a nuanced understanding of political disillusionment, elements that align with human expression and imagination.",,2024-01-31 23:42:38,7,68,4,Llama-2-70B,LLM,TheBloke/Mixtral-8x7B-Instruct-v0.1-GPTQ
False,False,True,False,False,False,False,False,False,False,False,False,False,False,False,There's a lot of descriptive elements that I don't think AI could come up with.,,2024-01-31 23:43:17,4,69,5,GPT-4,LLM,TheBloke/Mixtral-8x7B-Instruct-v0.1-GPTQ
True,False,True,False,False,False,False,False,False,False,False,False,False,False,False,"The story is likely written by a human. It displays creativity in crafting a dystopian world with nuanced characters and explores themes of oppression, unity, and rebellion, elements that align with human storytelling and imagination.",,2024-01-31 23:43:57,7,69,4,GPT-4,LLM,TheBloke/Mixtral-8x7B-Instruct-v0.1-GPTQ
True,False,False,False,False,False,False,False,False,False,False,False,False,False,False,"The story is likely written by a human. It exhibits creativity in exploring the themes of recurring dreams, self-discovery, and the connection between characters.",,2024-01-31 23:44:08,7,70,4,Llama-2-7B,LLM,TheBloke/Mixtral-8x7B-Instruct-v0.1-GPTQ
True,False,False,False,False,False,False,False,False,False,False,False,False,False,False,The story is likely written by a human. It demonstrates creativity in crafting a suspenseful and emotionally charged narrative.,,2024-01-31 23:44:38,7,71,4,Vicuna-33B,LLM,TheBloke/Mixtral-8x7B-Instruct-v0.1-GPTQ
True,False,False,False,False,False,False,False,False,False,False,False,False,False,False,"The story is likely written by a human. It demonstrates creativity in crafting a narrative with a unique perspective, considering the intelligence of bees and the ethical considerations of the beekeeper.",,2024-01-31 23:46:03,7,72,4,Llama-2-7B,LLM,TheBloke/Mixtral-8x7B-Instruct-v0.1-GPTQ
True,False,False,False,False,False,False,False,False,False,False,False,False,False,False,The story is likely written by a human. It demonstrates creativity in crafting a narrative with a unique perspective on the relationship between the beekeeper and the bees.,,2024-01-31 23:47:01,7,73,4,Llama-2-13B,LLM,TheBloke/Mixtral-8x7B-Instruct-v0.1-GPTQ
False,False,True,False,False,False,False,False,False,False,False,False,False,False,False,"The story is likely written by a human. It demonstrates an understanding of emotional nuances, and the portrayal of the bond between the narrator and Max reflects a level of empathy and authenticity that aligns with human experiences.",,2024-01-31 23:47:52,7,74,4,Llama-2-70B,LLM,TheBloke/Mixtral-8x7B-Instruct-v0.1-GPTQ
False,True,True,False,False,False,False,False,False,False,False,False,False,False,False,"The story is likely written by a human. It demonstrates a nuanced understanding of emotional depth, empathy, and the human experience, especially in the context of themes like loneliness, connection, and the search for meaning.",,2024-01-31 23:48:18,7,75,4,Llama-2-13B,LLM,TheBloke/Mixtral-8x7B-Instruct-v0.1-GPTQ
True,False,False,False,False,False,False,False,False,False,False,False,False,False,False,"The story is likely written by a human. It effectively explores a creative concept, blending elements of extraterrestrial curiosity and human dreams.",,2024-01-31 23:49:52,7,76,3,Human-Mid,Human,TheBloke/Mixtral-8x7B-Instruct-v0.1-GPTQ
True,False,False,False,False,False,False,False,False,False,False,False,False,False,False,"The story is likely written by a human. It successfully blends creativity, emotion, and engagement in a way that aligns with human storytelling.",,2024-01-31 23:50:03,7,77,4,Llama-2-70B,LLM,TheBloke/Mixtral-8x7B-Instruct-v0.1-GPTQ
True,True,True,False,False,False,False,False,False,False,False,False,False,False,False,"The story is likely written by a human. It effectively integrates emotional depth, moral exploration, and character development, demonstrating a level of creativity and storytelling that aligns with human narrative styles.",,2024-01-31 23:50:43,7,78,4,Llama-2-13B,LLM,TheBloke/Mixtral-8x7B-Instruct-v0.1-GPTQ
False,False,True,False,False,False,False,False,False,False,False,False,False,False,False,"The story exhibits a good balance of human-like narrative elements and a touch of complexity, making it somewhat likely to be written by a human author.",,2024-01-31 23:51:18,7,79,4,Llama-2-7B,LLM,TheBloke/Mixtral-8x7B-Instruct-v0.1-GPTQ
False,False,False,True,False,False,False,False,False,False,False,False,False,False,False,"The story's style and tone, with its blend of cosmic horror and humor, align with characteristics commonly associated with human writing.",,2024-01-31 23:52:08,2,80,4,Human-Low,Human,TheBloke/Mixtral-8x7B-Instruct-v0.1-GPTQ
False,False,False,False,False,False,False,False,False,False,True,True,False,False,True,"The dialogue was interesting, but there was no background or story.",,2024-01-31 23:52:52,7,80,1,Human-Low,Human,TheBloke/Mixtral-8x7B-Instruct-v0.1-GPTQ
False,False,True,True,False,False,False,False,False,False,False,False,False,False,False,"The story exhibits a blend of humor, character interaction, and a unique perspective that is indicative of human writing.",,2024-01-31 23:54:17,2,81,4,Human-High,Human,TheBloke/Mixtral-8x7B-Instruct-v0.1-GPTQ
False,False,False,True,False,False,False,False,False,False,False,False,False,False,False,"""He gave me an emote"" sounds like a very human thing to write.",,2024-01-31 23:54:56,4,81,5,Human-High,Human,TheBloke/Mixtral-8x7B-Instruct-v0.1-GPTQ
False,False,False,False,False,False,False,False,False,False,True,False,True,False,False,"There's no background, it's just all dialogue.",,2024-01-31 23:57:04,7,81,1,Human-High,Human,TheBloke/Mixtral-8x7B-Instruct-v0.1-GPTQ
True,True,True,False,False,False,False,False,False,False,False,False,False,False,False,"The story exhibits a high level of creativity, emotional depth, and nuanced storytelling that aligns with human-authored fiction.",,2024-01-31 23:57:58,2,82,4,Llama-2-70B,LLM,TheBloke/Mixtral-8x7B-Instruct-v0.1-GPTQ
False,False,False,False,False,False,False,False,False,False,False,True,False,False,True,The story being cut off with the addition of no compelling lines or direction leads me to believe this very likely LLM.,,2024-02-01 00:01:24,2,83,1,Vicuna-33B,LLM,TheBloke/Mixtral-8x7B-Instruct-v0.1-GPTQ
False,False,False,False,False,False,False,False,False,False,False,False,True,False,False,Difficult to decide because it was incomplete but the intro â€œthere I wasâ€ sets up an introspective tone that I feel leans more towards human than LLM.,,2024-02-01 00:01:52,3,83,4,Vicuna-33B,LLM,TheBloke/Mixtral-8x7B-Instruct-v0.1-GPTQ
False,False,False,False,False,False,False,False,False,False,False,True,False,False,False,"There's not really a way to tell as there's not much to go off of. But, based off the language, if I had to choose one, I'd say it was most likely written by AI.",,2024-02-01 00:02:13,7,83,3,Vicuna-33B,LLM,TheBloke/Mixtral-8x7B-Instruct-v0.1-GPTQ
True,True,True,False,False,False,False,False,False,False,False,False,False,False,False,"The story exhibits a high level of creativity, emotional depth, and a nuanced understanding of the symbiotic relationship between BK and the bees.",,2024-02-01 00:02:46,2,84,3,Llama-2-70B,LLM,TheBloke/Mixtral-8x7B-Instruct-v0.1-GPTQ
False,False,False,False,False,False,False,False,False,False,False,False,False,False,True,"The usage of ""QB1"" and etc. made me think that this was written by AI.",,2024-02-01 00:03:01,7,84,1,Llama-2-70B,LLM,TheBloke/Mixtral-8x7B-Instruct-v0.1-GPTQ
True,True,True,False,False,False,False,False,False,False,False,False,False,False,False,"The story demonstrates a high level of creativity, emotional depth, and a skillful blend of societal commentary.",,2024-02-01 00:03:15,2,85,4,Llama-2-13B,LLM,TheBloke/Mixtral-8x7B-Instruct-v0.1-GPTQ
True,False,False,True,False,False,False,False,False,False,False,False,False,False,False,"The story displays a creative and imaginative touch, introducing humor into a classic storytelling concept.",,2024-02-01 00:04:35,2,86,4,Human-High,Human,TheBloke/Mixtral-8x7B-Instruct-v0.1-GPTQ
True,False,False,False,False,False,False,False,False,False,False,False,False,False,False,"The story exhibits a creative approach to a familiar sci-fi theme, blending elements of hope and struggle.",,2024-02-01 00:05:39,2,87,4,Vicuna-33B,LLM,TheBloke/Mixtral-8x7B-Instruct-v0.1-GPTQ
True,False,False,False,False,False,False,False,False,True,False,False,False,False,False,The story exhibits a creative and emotionally resonant approach to a classic vampire narrative.,,2024-02-01 00:06:13,2,88,4,Llama-2-70B,LLM,TheBloke/Mixtral-8x7B-Instruct-v0.1-GPTQ
False,True,True,False,False,False,False,False,False,False,False,False,False,False,False,The story demonstrates a nuanced understanding of human emotions and relationships.,,2024-02-01 00:07:30,2,89,4,Llama-2-70B,LLM,TheBloke/Mixtral-8x7B-Instruct-v0.1-GPTQ
True,False,False,False,False,False,False,False,False,True,False,False,False,False,False,"The story shows signs of creativity and a unique twist, making it somewhat likely to be written by a human.",,2024-02-01 00:08:57,2,90,3,Human-Low,Human,TheBloke/Mixtral-8x7B-Instruct-v0.1-GPTQ
True,False,False,False,False,False,False,False,False,True,False,False,False,False,False,"The story exhibits creativity with a unique premise and an unexpected twist, making it more likely to be written by a human.",,2024-02-01 00:11:54,2,91,3,Human-Mid,Human,TheBloke/Mixtral-8x7B-Instruct-v0.1-GPTQ
False,False,False,True,False,False,False,False,False,False,False,False,False,False,False,I think this joke is only something that humans would get or would find funny.,,2024-02-01 00:12:17,7,91,5,Human-Mid,Human,TheBloke/Mixtral-8x7B-Instruct-v0.1-GPTQ
True,True,True,False,False,False,False,False,False,False,False,False,False,False,False,"The story exhibits a high level of creativity, emotional depth, and narrative complexity, making it more likely to be written by a human.",,2024-02-01 00:12:29,2,92,4,GPT-4,LLM,TheBloke/Mixtral-8x7B-Instruct-v0.1-GPTQ
True,True,True,False,False,False,False,False,False,False,False,False,False,False,False,"The story demonstrates a level of creativity, emotional depth, and narrative complexity that is more indicative of human writing.",,2024-02-01 00:12:45,2,93,4,Llama-2-7B,LLM,TheBloke/Mixtral-8x7B-Instruct-v0.1-GPTQ
True,True,True,False,False,False,False,False,False,False,False,False,False,False,False,"The story exhibits a high level of creativity, emotional depth, and narrative complexity, making it more likely to be written by a human.",,2024-02-01 00:13:10,2,94,4,GPT-4,LLM,TheBloke/Mixtral-8x7B-Instruct-v0.1-GPTQ
True,False,True,False,False,False,False,False,False,False,False,False,False,False,False,"The story demonstrates a level of creativity, strategic thinking, and engagement with complex themes that align with human storytelling.",,2024-02-01 00:13:50,2,95,4,Llama-2-7B,LLM,TheBloke/Mixtral-8x7B-Instruct-v0.1-GPTQ
False,False,False,False,False,False,False,False,False,False,True,True,True,True,True,I think the AI took this as a question asking HOW to write an answer for this prompt.,,2024-02-01 00:15:19,7,95,1,Llama-2-7B,LLM,TheBloke/Mixtral-8x7B-Instruct-v0.1-GPTQ
True,True,True,False,False,False,False,False,False,False,False,False,False,False,False,"The story demonstrates a level of creativity, emotional depth, and narrative complexity indicative of human storytelling.",,2024-02-01 00:16:24,2,96,4,Llama-2-70B,LLM,TheBloke/Mixtral-8x7B-Instruct-v0.1-GPTQ
False,False,False,False,False,False,False,False,False,False,True,False,False,False,False,"""20 years ago"" is repeated many times.",,2024-02-01 00:16:47,7,96,1,Llama-2-70B,LLM,TheBloke/Mixtral-8x7B-Instruct-v0.1-GPTQ
True,True,True,False,False,False,False,False,False,False,False,False,False,False,False,"The story exhibits creativity, emotional depth, and a narrative structure that aligns with human storytelling.",,2024-02-01 00:18:06,2,97,3,Llama-2-70B,LLM,TheBloke/Mixtral-8x7B-Instruct-v0.1-GPTQ
True,True,True,False,False,False,False,False,False,False,False,False,False,False,False,"The story displays a level of creativity, emotional depth, and societal insight indicative of human storytelling.",,2024-02-01 00:18:29,2,98,4,GPT-4,LLM,TheBloke/Mixtral-8x7B-Instruct-v0.1-GPTQ
True,True,True,False,False,False,False,False,False,False,False,False,False,False,False,"The story exhibits a level of creativity, emotional depth, and a touch of humor indicative of human storytelling.",,2024-02-01 00:20:06,2,99,4,Human-Mid,Human,TheBloke/Mixtral-8x7B-Instruct-v0.1-GPTQ
