participant_id,story_id,authenticity_score,empathy_score,engagement_score,emotion_provoking_score,narrative_complexity_score,human_or_llm_score,model,strategy,human_quality
2,0,2,2,1,2,1,5,human,,high
3,0,4,5,5,5,3,1,human,,high
4,0,2,2,1,1,1,5,human,,high
6,0,2,1,1,1,1,5,human,,high
7,0,2,3,1,2,2,5,human,,high
2,1,2,4,2,4,1,1,meta-llama_Llama-2-13b-chat-hf,writer_profile,
3,1,4,4,4,5,3,2,meta-llama_Llama-2-13b-chat-hf,writer_profile,
4,1,4,4,4,5,4,2,meta-llama_Llama-2-13b-chat-hf,writer_profile,
6,1,3,2,1,1,2,5,meta-llama_Llama-2-13b-chat-hf,writer_profile,
7,1,1,3,2,2,2,5,meta-llama_Llama-2-13b-chat-hf,writer_profile,
2,2,4,4,2,4,2,5,gpt-4,plan_write,
3,2,5,4,4,5,4,1,gpt-4,plan_write,
4,2,3,3,2,3,2,4,gpt-4,plan_write,
6,2,4,4,3,4,3,5,gpt-4,plan_write,
7,2,4,4,3,3,4,1,gpt-4,plan_write,
2,3,2,1,1,1,4,5,meta-llama_Llama-2-70b-chat-hf,writer_profile,
3,3,4,5,4,4,3,1,meta-llama_Llama-2-70b-chat-hf,writer_profile,
4,3,2,4,2,3,2,5,meta-llama_Llama-2-70b-chat-hf,writer_profile,
6,3,4,3,1,2,2,5,meta-llama_Llama-2-70b-chat-hf,writer_profile,
7,3,1,1,1,1,2,5,meta-llama_Llama-2-70b-chat-hf,writer_profile,
2,4,3,1,5,4,5,1,lmsys_vicuna-33b-v1.3,plan_write,
3,4,3,2,3,2,2,2,lmsys_vicuna-33b-v1.3,plan_write,
4,4,3,2,4,2,1,2,lmsys_vicuna-33b-v1.3,plan_write,
6,4,4,2,5,2,3,2,lmsys_vicuna-33b-v1.3,plan_write,
7,4,1,1,4,1,1,5,lmsys_vicuna-33b-v1.3,plan_write,
2,5,4,4,4,4,1,5,meta-llama_Llama-2-7b-chat-hf,writer_profile,
3,5,4,3,4,5,3,2,meta-llama_Llama-2-7b-chat-hf,writer_profile,
4,5,4,2,3,2,3,4,meta-llama_Llama-2-7b-chat-hf,writer_profile,
6,5,2,2,1,1,1,5,meta-llama_Llama-2-7b-chat-hf,writer_profile,
7,5,3,2,2,2,2,4,meta-llama_Llama-2-7b-chat-hf,writer_profile,
2,6,4,2,2,1,2,2,meta-llama_Llama-2-13b-chat-hf,plan_write,
3,6,3,4,3,4,2,4,meta-llama_Llama-2-13b-chat-hf,plan_write,
4,6,5,4,4,4,4,1,meta-llama_Llama-2-13b-chat-hf,plan_write,
6,6,3,3,3,3,1,4,meta-llama_Llama-2-13b-chat-hf,plan_write,
7,6,1,1,1,1,2,5,meta-llama_Llama-2-13b-chat-hf,plan_write,
2,7,2,2,4,4,5,1,gpt-4,writer_profile,
3,7,5,5,4,5,4,1,gpt-4,writer_profile,
4,7,4,5,4,5,4,2,gpt-4,writer_profile,
6,7,3,2,3,3,4,5,gpt-4,writer_profile,
7,7,4,5,4,3,4,1,gpt-4,writer_profile,
2,8,2,2,4,2,3,1,meta-llama_Llama-2-70b-chat-hf,plan_write,
3,8,5,4,5,4,3,1,meta-llama_Llama-2-70b-chat-hf,plan_write,
4,8,4,3,3,3,4,2,meta-llama_Llama-2-70b-chat-hf,plan_write,
6,8,4,3,5,3,5,3,meta-llama_Llama-2-70b-chat-hf,plan_write,
7,8,5,4,5,4,5,1,meta-llama_Llama-2-70b-chat-hf,plan_write,
2,9,2,4,5,4,4,1,lmsys_vicuna-33b-v1.3,writer_profile,
3,9,4,3,4,4,3,2,lmsys_vicuna-33b-v1.3,writer_profile,
4,9,4,3,3,3,2,2,lmsys_vicuna-33b-v1.3,writer_profile,
6,9,5,3,5,3,4,1,lmsys_vicuna-33b-v1.3,writer_profile,
7,9,1,1,1,1,1,5,lmsys_vicuna-33b-v1.3,writer_profile,
2,10,2,4,5,2,4,2,meta-llama_Llama-2-7b-chat-hf,plan_write,
3,10,4,4,5,4,3,2,meta-llama_Llama-2-7b-chat-hf,plan_write,
4,10,4,3,5,4,5,1,meta-llama_Llama-2-7b-chat-hf,plan_write,
6,10,4,3,4,4,3,2,meta-llama_Llama-2-7b-chat-hf,plan_write,
7,10,4,4,5,3,4,1,meta-llama_Llama-2-7b-chat-hf,plan_write,
2,11,4,1,2,1,4,4,human,,mid
3,11,4,4,4,4,3,2,human,,mid
4,11,4,3,4,4,5,2,human,,mid
6,11,2,1,1,1,3,5,human,,mid
7,11,5,2,3,1,3,3,human,,mid
2,12,2,5,4,4,2,1,meta-llama_Llama-2-13b-chat-hf,writer_profile,
3,12,5,5,4,5,4,1,meta-llama_Llama-2-13b-chat-hf,writer_profile,
4,12,5,5,4,4,4,1,meta-llama_Llama-2-13b-chat-hf,writer_profile,
6,12,4,4,3,5,3,4,meta-llama_Llama-2-13b-chat-hf,writer_profile,
7,12,5,4,4,3,4,1,meta-llama_Llama-2-13b-chat-hf,writer_profile,
2,13,4,4,5,4,4,1,gpt-4,plan_write,
3,13,4,3,5,4,4,1,gpt-4,plan_write,
4,13,3,3,3,2,2,4,gpt-4,plan_write,
6,13,4,3,3,3,2,5,gpt-4,plan_write,
7,13,1,1,1,1,1,5,gpt-4,plan_write,
2,14,2,1,1,2,2,5,meta-llama_Llama-2-70b-chat-hf,writer_profile,
3,14,5,4,5,5,4,2,meta-llama_Llama-2-70b-chat-hf,writer_profile,
4,14,2,3,3,3,4,4,meta-llama_Llama-2-70b-chat-hf,writer_profile,
6,14,4,3,3,3,2,4,meta-llama_Llama-2-70b-chat-hf,writer_profile,
7,14,3,3,4,2,3,4,meta-llama_Llama-2-70b-chat-hf,writer_profile,
2,15,2,2,2,1,1,5,meta-llama_Llama-2-7b-chat-hf,writer_profile,
3,15,4,3,4,4,3,3,meta-llama_Llama-2-7b-chat-hf,writer_profile,
4,15,2,2,4,3,3,4,meta-llama_Llama-2-7b-chat-hf,writer_profile,
6,15,5,2,2,1,3,4,meta-llama_Llama-2-7b-chat-hf,writer_profile,
7,15,1,2,2,2,2,5,meta-llama_Llama-2-7b-chat-hf,writer_profile,
2,16,2,1,4,1,2,5,meta-llama_Llama-2-7b-chat-hf,writer_profile,
3,16,3,3,3,3,3,3,meta-llama_Llama-2-7b-chat-hf,writer_profile,
4,16,3,4,3,2,4,3,meta-llama_Llama-2-7b-chat-hf,writer_profile,
6,16,3,3,2,3,2,5,meta-llama_Llama-2-7b-chat-hf,writer_profile,
7,16,3,1,1,1,1,5,meta-llama_Llama-2-7b-chat-hf,writer_profile,
2,17,2,4,5,5,4,1,meta-llama_Llama-2-13b-chat-hf,plan_write,
3,17,5,4,4,4,4,1,meta-llama_Llama-2-13b-chat-hf,plan_write,
4,17,3,4,3,3,2,2,meta-llama_Llama-2-13b-chat-hf,plan_write,
6,17,4,5,4,3,4,4,meta-llama_Llama-2-13b-chat-hf,plan_write,
7,17,5,4,5,4,5,1,meta-llama_Llama-2-13b-chat-hf,plan_write,
2,18,5,4,1,3,2,1,gpt-4,writer_profile,
3,18,4,4,5,4,4,2,gpt-4,writer_profile,
4,18,3,5,4,4,3,3,gpt-4,writer_profile,
6,18,4,2,1,4,3,5,gpt-4,writer_profile,
7,18,1,1,1,1,1,5,gpt-4,writer_profile,
2,19,1,1,1,5,5,1,meta-llama_Llama-2-70b-chat-hf,plan_write,
3,19,1,1,1,1,1,5,meta-llama_Llama-2-70b-chat-hf,plan_write,
4,19,2,1,1,1,1,2,meta-llama_Llama-2-70b-chat-hf,plan_write,
6,19,3,1,1,1,1,5,meta-llama_Llama-2-70b-chat-hf,plan_write,
7,19,1,1,1,1,1,3,meta-llama_Llama-2-70b-chat-hf,plan_write,
2,20,2,1,1,1,4,1,lmsys_vicuna-33b-v1.3,writer_profile,
3,20,4,3,4,3,3,3,lmsys_vicuna-33b-v1.3,writer_profile,
4,20,2,2,3,2,3,4,lmsys_vicuna-33b-v1.3,writer_profile,
6,20,1,1,3,3,2,4,lmsys_vicuna-33b-v1.3,writer_profile,
7,20,1,2,3,1,1,4,lmsys_vicuna-33b-v1.3,writer_profile,
2,21,4,2,4,4,4,5,meta-llama_Llama-2-7b-chat-hf,plan_write,
3,21,4,5,4,4,3,2,meta-llama_Llama-2-7b-chat-hf,plan_write,
4,21,3,4,4,5,5,1,meta-llama_Llama-2-7b-chat-hf,plan_write,
6,21,1,1,1,1,1,5,meta-llama_Llama-2-7b-chat-hf,plan_write,
7,21,3,3,1,2,1,5,meta-llama_Llama-2-7b-chat-hf,plan_write,
2,22,2,4,2,2,1,2,human,,low
3,22,5,5,4,5,4,1,human,,low
4,22,3,3,4,5,2,3,human,,low
6,22,3,3,1,2,3,5,human,,low
7,22,5,5,5,4,5,1,human,,low
2,23,4,5,4,4,1,1,meta-llama_Llama-2-13b-chat-hf,writer_profile,
3,23,5,5,4,4,3,1,meta-llama_Llama-2-13b-chat-hf,writer_profile,
4,23,3,3,3,3,2,5,meta-llama_Llama-2-13b-chat-hf,writer_profile,
6,23,2,2,2,3,1,5,meta-llama_Llama-2-13b-chat-hf,writer_profile,
7,23,3,2,1,1,1,5,meta-llama_Llama-2-13b-chat-hf,writer_profile,
2,24,3,2,4,2,2,1,gpt-4,plan_write,
3,24,4,3,5,4,4,3,gpt-4,plan_write,
4,24,4,4,3,2,3,5,gpt-4,plan_write,
6,24,4,3,3,2,2,5,gpt-4,plan_write,
7,24,2,1,1,1,1,5,gpt-4,plan_write,
2,25,4,5,5,2,2,1,meta-llama_Llama-2-70b-chat-hf,writer_profile,
3,25,4,5,5,5,5,1,meta-llama_Llama-2-70b-chat-hf,writer_profile,
4,25,5,4,4,5,5,1,meta-llama_Llama-2-70b-chat-hf,writer_profile,
6,25,5,4,5,4,5,1,meta-llama_Llama-2-70b-chat-hf,writer_profile,
7,25,3,5,5,4,5,1,meta-llama_Llama-2-70b-chat-hf,writer_profile,
2,26,1,4,4,4,2,5,lmsys_vicuna-33b-v1.3,plan_write,
3,26,5,5,5,5,5,1,lmsys_vicuna-33b-v1.3,plan_write,
4,26,2,3,2,4,3,3,lmsys_vicuna-33b-v1.3,plan_write,
6,26,4,3,4,3,4,5,lmsys_vicuna-33b-v1.3,plan_write,
7,26,2,3,2,2,4,4,lmsys_vicuna-33b-v1.3,plan_write,
2,27,2,2,2,2,4,2,meta-llama_Llama-2-7b-chat-hf,writer_profile,
3,27,5,4,4,4,4,1,meta-llama_Llama-2-7b-chat-hf,writer_profile,
4,27,3,2,2,3,3,4,meta-llama_Llama-2-7b-chat-hf,writer_profile,
6,27,2,2,3,2,4,4,meta-llama_Llama-2-7b-chat-hf,writer_profile,
7,27,3,3,4,2,4,2,meta-llama_Llama-2-7b-chat-hf,writer_profile,
2,28,1,2,2,1,1,4,meta-llama_Llama-2-13b-chat-hf,plan_write,
3,28,4,4,5,4,3,2,meta-llama_Llama-2-13b-chat-hf,plan_write,
4,28,2,4,3,2,2,3,meta-llama_Llama-2-13b-chat-hf,plan_write,
6,28,3,2,2,1,1,5,meta-llama_Llama-2-13b-chat-hf,plan_write,
7,28,1,1,1,1,1,5,meta-llama_Llama-2-13b-chat-hf,plan_write,
2,29,3,4,2,4,4,1,gpt-4,writer_profile,
3,29,5,4,5,5,4,2,gpt-4,writer_profile,
4,29,5,4,3,4,3,3,gpt-4,writer_profile,
6,29,4,5,4,5,3,4,gpt-4,writer_profile,
7,29,3,4,1,1,1,5,gpt-4,writer_profile,
2,30,4,2,3,3,1,4,meta-llama_Llama-2-70b-chat-hf,plan_write,
3,30,5,5,5,5,4,2,meta-llama_Llama-2-70b-chat-hf,plan_write,
4,30,4,4,5,4,5,2,meta-llama_Llama-2-70b-chat-hf,plan_write,
6,30,3,4,3,4,5,3,meta-llama_Llama-2-70b-chat-hf,plan_write,
7,30,2,1,1,2,1,5,meta-llama_Llama-2-70b-chat-hf,plan_write,
2,31,2,2,2,1,2,5,lmsys_vicuna-33b-v1.3,writer_profile,
3,31,4,4,4,5,5,2,lmsys_vicuna-33b-v1.3,writer_profile,
4,31,4,3,2,3,1,4,lmsys_vicuna-33b-v1.3,writer_profile,
6,31,1,1,1,1,1,5,lmsys_vicuna-33b-v1.3,writer_profile,
7,31,1,1,1,1,1,1,lmsys_vicuna-33b-v1.3,writer_profile,
2,32,2,1,4,1,1,1,meta-llama_Llama-2-7b-chat-hf,plan_write,
3,32,5,4,4,4,3,1,meta-llama_Llama-2-7b-chat-hf,plan_write,
4,32,4,3,2,4,1,2,meta-llama_Llama-2-7b-chat-hf,plan_write,
6,32,2,1,2,2,1,5,meta-llama_Llama-2-7b-chat-hf,plan_write,
7,32,1,1,2,1,1,5,meta-llama_Llama-2-7b-chat-hf,plan_write,
2,33,1,2,4,2,1,1,human,,high
3,33,5,4,5,4,4,2,human,,high
4,33,4,4,5,3,4,2,human,,high
6,33,4,2,4,3,3,4,human,,high
7,33,5,3,5,3,5,1,human,,high
2,34,3,2,3,4,2,1,meta-llama_Llama-2-13b-chat-hf,writer_profile,
3,34,5,3,4,4,4,2,meta-llama_Llama-2-13b-chat-hf,writer_profile,
4,34,3,2,5,4,4,1,meta-llama_Llama-2-13b-chat-hf,writer_profile,
6,34,4,2,5,2,3,3,meta-llama_Llama-2-13b-chat-hf,writer_profile,
7,34,4,3,5,4,4,1,meta-llama_Llama-2-13b-chat-hf,writer_profile,
2,35,1,1,1,1,1,5,gpt-4,writer_profile,
3,35,1,2,1,2,2,4,gpt-4,writer_profile,
4,35,1,1,2,1,1,5,gpt-4,writer_profile,
6,35,2,1,1,1,1,4,gpt-4,writer_profile,
7,35,2,1,1,1,1,5,gpt-4,writer_profile,
2,36,1,3,3,3,4,5,meta-llama_Llama-2-70b-chat-hf,writer_profile,
3,36,5,4,5,4,4,1,meta-llama_Llama-2-70b-chat-hf,writer_profile,
4,36,2,2,2,3,3,5,meta-llama_Llama-2-70b-chat-hf,writer_profile,
6,36,2,2,1,2,1,5,meta-llama_Llama-2-70b-chat-hf,writer_profile,
7,36,1,1,1,1,1,5,meta-llama_Llama-2-70b-chat-hf,writer_profile,
2,37,4,1,4,1,4,1,lmsys_vicuna-33b-v1.3,plan_write,
3,37,5,4,3,4,4,2,lmsys_vicuna-33b-v1.3,plan_write,
4,37,4,2,3,2,3,3,lmsys_vicuna-33b-v1.3,plan_write,
6,37,3,4,3,3,1,5,lmsys_vicuna-33b-v1.3,plan_write,
7,37,2,1,2,1,2,5,lmsys_vicuna-33b-v1.3,plan_write,
2,38,2,3,1,4,2,1,meta-llama_Llama-2-7b-chat-hf,writer_profile,
3,38,4,5,4,5,3,2,meta-llama_Llama-2-7b-chat-hf,writer_profile,
4,38,2,3,2,3,2,2,meta-llama_Llama-2-7b-chat-hf,writer_profile,
6,38,3,4,3,3,1,5,meta-llama_Llama-2-7b-chat-hf,writer_profile,
7,38,5,5,4,4,5,1,meta-llama_Llama-2-7b-chat-hf,writer_profile,
2,39,2,2,2,2,4,1,meta-llama_Llama-2-13b-chat-hf,plan_write,
3,39,4,4,5,4,4,2,meta-llama_Llama-2-13b-chat-hf,plan_write,
4,39,2,2,2,2,3,5,meta-llama_Llama-2-13b-chat-hf,plan_write,
6,39,4,1,4,3,3,4,meta-llama_Llama-2-13b-chat-hf,plan_write,
7,39,2,2,2,1,2,4,meta-llama_Llama-2-13b-chat-hf,plan_write,
2,40,5,5,2,5,1,2,gpt-4,writer_profile,
3,40,4,5,4,4,3,2,gpt-4,writer_profile,
4,40,4,5,5,5,4,1,gpt-4,writer_profile,
6,40,2,1,2,4,2,2,gpt-4,writer_profile,
7,40,4,4,4,3,5,1,gpt-4,writer_profile,
2,41,4,4,4,4,5,4,meta-llama_Llama-2-70b-chat-hf,plan_write,
3,41,5,5,4,5,4,1,meta-llama_Llama-2-70b-chat-hf,plan_write,
4,41,4,2,3,3,2,3,meta-llama_Llama-2-70b-chat-hf,plan_write,
6,41,4,4,3,4,3,4,meta-llama_Llama-2-70b-chat-hf,plan_write,
7,41,3,2,1,1,2,5,meta-llama_Llama-2-70b-chat-hf,plan_write,
2,42,1,2,2,2,3,4,lmsys_vicuna-33b-v1.3,writer_profile,
3,42,5,4,4,4,4,1,lmsys_vicuna-33b-v1.3,writer_profile,
4,42,3,2,2,2,2,4,lmsys_vicuna-33b-v1.3,writer_profile,
6,42,1,1,1,1,1,5,lmsys_vicuna-33b-v1.3,writer_profile,
7,42,1,2,1,1,1,5,lmsys_vicuna-33b-v1.3,writer_profile,
2,43,4,1,4,1,4,2,meta-llama_Llama-2-7b-chat-hf,plan_write,
3,43,4,3,4,3,3,2,meta-llama_Llama-2-7b-chat-hf,plan_write,
4,43,3,3,3,2,2,5,meta-llama_Llama-2-7b-chat-hf,plan_write,
6,43,2,1,1,3,2,5,meta-llama_Llama-2-7b-chat-hf,plan_write,
7,43,1,1,1,1,1,5,meta-llama_Llama-2-7b-chat-hf,plan_write,
2,44,2,4,4,4,2,1,human,,mid
3,44,4,5,4,4,3,2,human,,mid
4,44,4,5,3,4,4,2,human,,mid
6,44,4,3,4,3,3,3,human,,mid
7,44,5,5,3,3,4,1,human,,mid
2,45,2,4,4,4,2,1,meta-llama_Llama-2-13b-chat-hf,writer_profile,
3,45,4,3,3,3,3,2,meta-llama_Llama-2-13b-chat-hf,writer_profile,
4,45,3,3,4,4,3,3,meta-llama_Llama-2-13b-chat-hf,writer_profile,
6,45,3,2,2,4,3,3,meta-llama_Llama-2-13b-chat-hf,writer_profile,
7,45,2,3,1,1,2,5,meta-llama_Llama-2-13b-chat-hf,writer_profile,
2,46,4,5,5,4,5,1,gpt-4,plan_write,
3,46,4,4,3,3,3,2,gpt-4,plan_write,
4,46,2,1,2,1,1,5,gpt-4,plan_write,
6,46,1,1,1,1,1,5,gpt-4,plan_write,
7,46,2,2,1,1,1,5,gpt-4,plan_write,
2,47,4,1,1,1,4,5,meta-llama_Llama-2-70b-chat-hf,writer_profile,
3,47,4,4,3,4,4,2,meta-llama_Llama-2-70b-chat-hf,writer_profile,
4,47,3,3,2,4,2,4,meta-llama_Llama-2-70b-chat-hf,writer_profile,
6,47,4,4,1,2,4,5,meta-llama_Llama-2-70b-chat-hf,writer_profile,
7,47,2,2,2,1,4,5,meta-llama_Llama-2-70b-chat-hf,writer_profile,
2,48,4,4,4,2,4,1,lmsys_vicuna-33b-v1.3,plan_write,
3,48,4,4,4,4,3,2,lmsys_vicuna-33b-v1.3,plan_write,
4,48,4,4,4,4,4,2,lmsys_vicuna-33b-v1.3,plan_write,
6,48,3,2,3,3,3,5,lmsys_vicuna-33b-v1.3,plan_write,
7,48,5,4,5,4,5,1,lmsys_vicuna-33b-v1.3,plan_write,
2,49,3,4,5,2,1,1,meta-llama_Llama-2-7b-chat-hf,writer_profile,
3,49,5,4,4,4,3,2,meta-llama_Llama-2-7b-chat-hf,writer_profile,
4,49,4,4,5,4,3,4,meta-llama_Llama-2-7b-chat-hf,writer_profile,
6,49,2,1,1,3,2,5,meta-llama_Llama-2-7b-chat-hf,writer_profile,
7,49,1,1,1,1,1,5,meta-llama_Llama-2-7b-chat-hf,writer_profile,
2,50,5,5,5,2,1,1,meta-llama_Llama-2-13b-chat-hf,plan_write,
3,50,2,2,3,2,3,1,meta-llama_Llama-2-13b-chat-hf,plan_write,
4,50,2,2,4,4,1,2,meta-llama_Llama-2-13b-chat-hf,plan_write,
6,50,4,1,4,5,4,1,meta-llama_Llama-2-13b-chat-hf,plan_write,
7,50,2,4,2,4,2,2,meta-llama_Llama-2-13b-chat-hf,plan_write,
2,51,4,4,4,4,5,5,gpt-4,writer_profile,
3,51,4,4,4,4,4,2,gpt-4,writer_profile,
4,51,3,3,4,3,2,3,gpt-4,writer_profile,
6,51,3,2,3,3,4,5,gpt-4,writer_profile,
7,51,2,2,2,1,2,5,gpt-4,writer_profile,
2,52,2,4,5,4,5,1,meta-llama_Llama-2-70b-chat-hf,plan_write,
3,52,4,4,5,5,4,2,meta-llama_Llama-2-70b-chat-hf,plan_write,
4,52,3,3,4,4,3,3,meta-llama_Llama-2-70b-chat-hf,plan_write,
6,52,5,4,5,4,4,3,meta-llama_Llama-2-70b-chat-hf,plan_write,
7,52,5,5,5,5,5,1,meta-llama_Llama-2-70b-chat-hf,plan_write,
2,53,2,1,2,3,5,1,lmsys_vicuna-33b-v1.3,writer_profile,
3,53,4,3,4,3,3,2,lmsys_vicuna-33b-v1.3,writer_profile,
4,53,2,4,3,3,3,4,lmsys_vicuna-33b-v1.3,writer_profile,
6,53,4,2,3,4,2,5,lmsys_vicuna-33b-v1.3,writer_profile,
7,53,1,1,1,1,1,5,lmsys_vicuna-33b-v1.3,writer_profile,
2,54,4,2,2,4,2,1,meta-llama_Llama-2-7b-chat-hf,plan_write,
3,54,3,2,4,3,4,3,meta-llama_Llama-2-7b-chat-hf,plan_write,
4,54,1,3,2,2,2,2,meta-llama_Llama-2-7b-chat-hf,plan_write,
6,54,3,1,1,2,1,5,meta-llama_Llama-2-7b-chat-hf,plan_write,
7,54,1,1,1,1,1,1,meta-llama_Llama-2-7b-chat-hf,plan_write,
2,55,1,2,5,2,5,1,human,,low
3,55,4,3,4,3,4,3,human,,low
4,55,4,3,5,4,4,2,human,,low
6,55,4,1,4,1,5,5,human,,low
7,55,1,2,3,5,2,5,human,,low
2,56,2,1,4,1,4,1,meta-llama_Llama-2-13b-chat-hf,writer_profile,
3,56,5,4,5,4,5,1,meta-llama_Llama-2-13b-chat-hf,writer_profile,
4,56,2,2,2,1,2,4,meta-llama_Llama-2-13b-chat-hf,writer_profile,
6,56,2,1,3,2,1,5,meta-llama_Llama-2-13b-chat-hf,writer_profile,
7,56,4,2,4,2,2,2,meta-llama_Llama-2-13b-chat-hf,writer_profile,
2,57,3,4,2,2,4,2,gpt-4,plan_write,
3,57,3,4,4,3,3,3,gpt-4,plan_write,
4,57,3,3,2,2,1,4,gpt-4,plan_write,
6,57,3,2,1,3,2,4,gpt-4,plan_write,
7,57,3,2,2,2,2,5,gpt-4,plan_write,
2,58,1,1,2,1,1,2,meta-llama_Llama-2-70b-chat-hf,writer_profile,
3,58,4,3,4,4,3,2,meta-llama_Llama-2-70b-chat-hf,writer_profile,
4,58,3,4,4,3,3,2,meta-llama_Llama-2-70b-chat-hf,writer_profile,
6,58,2,1,1,4,1,5,meta-llama_Llama-2-70b-chat-hf,writer_profile,
7,58,5,3,5,4,5,1,meta-llama_Llama-2-70b-chat-hf,writer_profile,
2,59,5,5,5,5,5,1,lmsys_vicuna-33b-v1.3,plan_write,
3,59,4,2,3,2,2,3,lmsys_vicuna-33b-v1.3,plan_write,
4,59,2,2,5,4,1,1,lmsys_vicuna-33b-v1.3,plan_write,
6,59,5,3,5,3,4,1,lmsys_vicuna-33b-v1.3,plan_write,
7,59,2,1,3,1,1,1,lmsys_vicuna-33b-v1.3,plan_write,
2,60,4,2,1,1,2,5,meta-llama_Llama-2-7b-chat-hf,writer_profile,
3,60,4,4,4,4,3,2,meta-llama_Llama-2-7b-chat-hf,writer_profile,
4,60,2,3,2,4,4,5,meta-llama_Llama-2-7b-chat-hf,writer_profile,
6,60,1,1,1,1,2,5,meta-llama_Llama-2-7b-chat-hf,writer_profile,
7,60,1,2,1,1,1,5,meta-llama_Llama-2-7b-chat-hf,writer_profile,
2,61,4,5,4,4,1,5,meta-llama_Llama-2-13b-chat-hf,plan_write,
3,61,5,5,5,5,5,1,meta-llama_Llama-2-13b-chat-hf,plan_write,
4,61,5,5,4,5,3,1,meta-llama_Llama-2-13b-chat-hf,plan_write,
6,61,1,2,1,1,1,5,meta-llama_Llama-2-13b-chat-hf,plan_write,
7,61,1,3,1,3,1,5,meta-llama_Llama-2-13b-chat-hf,plan_write,
2,62,5,5,5,5,2,1,gpt-4,writer_profile,
3,62,4,5,4,4,3,2,gpt-4,writer_profile,
4,62,4,5,4,5,4,1,gpt-4,writer_profile,
6,62,4,3,4,4,2,2,gpt-4,writer_profile,
7,62,5,5,4,5,5,1,gpt-4,writer_profile,
2,63,1,2,3,1,1,1,meta-llama_Llama-2-70b-chat-hf,plan_write,
3,63,4,3,3,4,3,2,meta-llama_Llama-2-70b-chat-hf,plan_write,
4,63,2,3,2,2,1,3,meta-llama_Llama-2-70b-chat-hf,plan_write,
6,63,3,1,4,3,3,4,meta-llama_Llama-2-70b-chat-hf,plan_write,
7,63,2,2,2,1,1,5,meta-llama_Llama-2-70b-chat-hf,plan_write,
2,64,1,2,2,3,5,4,lmsys_vicuna-33b-v1.3,writer_profile,
3,64,5,4,5,5,5,2,lmsys_vicuna-33b-v1.3,writer_profile,
4,64,4,3,4,3,5,3,lmsys_vicuna-33b-v1.3,writer_profile,
6,64,4,3,4,4,5,4,lmsys_vicuna-33b-v1.3,writer_profile,
7,64,5,3,5,4,5,1,lmsys_vicuna-33b-v1.3,writer_profile,
2,65,1,2,4,2,2,4,meta-llama_Llama-2-7b-chat-hf,plan_write,
3,65,4,4,4,4,3,2,meta-llama_Llama-2-7b-chat-hf,plan_write,
4,65,2,4,3,5,2,4,meta-llama_Llama-2-7b-chat-hf,plan_write,
6,65,1,1,1,1,2,5,meta-llama_Llama-2-7b-chat-hf,plan_write,
7,65,2,2,2,2,3,5,meta-llama_Llama-2-7b-chat-hf,plan_write,
2,66,5,5,5,4,4,1,human,,high
3,66,5,5,5,5,5,1,human,,high
4,66,5,4,5,4,4,1,human,,high
6,66,2,1,1,2,4,5,human,,high
7,66,4,2,2,3,3,3,human,,high
2,67,2,2,2,2,1,5,meta-llama_Llama-2-13b-chat-hf,writer_profile,
3,67,4,3,4,4,3,2,meta-llama_Llama-2-13b-chat-hf,writer_profile,
4,67,2,2,2,2,3,4,meta-llama_Llama-2-13b-chat-hf,writer_profile,
6,67,3,2,2,3,1,5,meta-llama_Llama-2-13b-chat-hf,writer_profile,
7,67,1,1,1,1,2,5,meta-llama_Llama-2-13b-chat-hf,writer_profile,
2,68,1,1,1,1,1,5,gpt-4,plan_write,
3,68,4,4,4,4,3,2,gpt-4,plan_write,
4,68,2,2,2,3,2,5,gpt-4,plan_write,
6,68,4,1,1,1,1,5,gpt-4,plan_write,
7,68,3,3,2,2,2,4,gpt-4,plan_write,
2,69,2,1,2,2,5,2,meta-llama_Llama-2-70b-chat-hf,writer_profile,
3,69,4,3,5,4,4,2,meta-llama_Llama-2-70b-chat-hf,writer_profile,
4,69,3,2,3,3,2,5,meta-llama_Llama-2-70b-chat-hf,writer_profile,
6,69,4,1,1,3,3,5,meta-llama_Llama-2-70b-chat-hf,writer_profile,
7,69,2,1,1,1,2,5,meta-llama_Llama-2-70b-chat-hf,writer_profile,
2,70,1,1,5,2,2,2,lmsys_vicuna-33b-v1.3,plan_write,
3,70,4,3,4,3,3,2,lmsys_vicuna-33b-v1.3,plan_write,
4,70,4,4,5,4,4,1,lmsys_vicuna-33b-v1.3,plan_write,
6,70,2,1,2,2,1,5,lmsys_vicuna-33b-v1.3,plan_write,
7,70,1,1,1,1,1,5,lmsys_vicuna-33b-v1.3,plan_write,
2,71,5,5,5,4,2,1,meta-llama_Llama-2-7b-chat-hf,writer_profile,
3,71,5,4,5,5,4,1,meta-llama_Llama-2-7b-chat-hf,writer_profile,
4,71,2,3,2,3,2,3,meta-llama_Llama-2-7b-chat-hf,writer_profile,
6,71,5,3,4,4,4,4,meta-llama_Llama-2-7b-chat-hf,writer_profile,
7,71,3,5,1,2,1,5,meta-llama_Llama-2-7b-chat-hf,writer_profile,
2,72,2,1,5,4,2,1,meta-llama_Llama-2-13b-chat-hf,plan_write,
3,72,4,3,3,5,4,2,meta-llama_Llama-2-13b-chat-hf,plan_write,
4,72,3,3,4,4,2,2,meta-llama_Llama-2-13b-chat-hf,plan_write,
6,72,3,1,2,2,2,2,meta-llama_Llama-2-13b-chat-hf,plan_write,
7,72,3,2,3,2,2,3,meta-llama_Llama-2-13b-chat-hf,plan_write,
2,73,4,4,2,2,2,1,gpt-4,writer_profile,
3,73,4,4,4,4,3,2,gpt-4,writer_profile,
4,73,3,2,2,2,1,5,gpt-4,writer_profile,
6,73,2,2,2,3,1,5,gpt-4,writer_profile,
7,73,1,1,1,3,1,5,gpt-4,writer_profile,
2,74,5,5,2,2,2,4,meta-llama_Llama-2-70b-chat-hf,plan_write,
3,74,5,5,4,5,4,2,meta-llama_Llama-2-70b-chat-hf,plan_write,
4,74,5,5,4,5,5,1,meta-llama_Llama-2-70b-chat-hf,plan_write,
6,74,4,5,4,4,3,4,meta-llama_Llama-2-70b-chat-hf,plan_write,
7,74,5,5,5,5,5,1,meta-llama_Llama-2-70b-chat-hf,plan_write,
2,75,2,1,1,1,4,5,lmsys_vicuna-33b-v1.3,writer_profile,
3,75,4,4,4,4,3,2,lmsys_vicuna-33b-v1.3,writer_profile,
4,75,3,5,4,4,4,3,lmsys_vicuna-33b-v1.3,writer_profile,
6,75,1,1,2,2,2,5,lmsys_vicuna-33b-v1.3,writer_profile,
7,75,2,2,1,1,2,5,lmsys_vicuna-33b-v1.3,writer_profile,
2,76,4,4,4,1,2,4,meta-llama_Llama-2-7b-chat-hf,plan_write,
3,76,5,4,4,5,4,2,meta-llama_Llama-2-7b-chat-hf,plan_write,
4,76,4,5,5,5,4,2,meta-llama_Llama-2-7b-chat-hf,plan_write,
6,76,4,4,5,5,3,5,meta-llama_Llama-2-7b-chat-hf,plan_write,
7,76,4,3,1,2,1,4,meta-llama_Llama-2-7b-chat-hf,plan_write,
2,77,2,2,4,2,5,1,human,,mid
3,77,4,4,3,3,3,2,human,,mid
4,77,2,2,3,2,3,4,human,,mid
6,77,4,4,3,3,1,5,human,,mid
7,77,1,1,1,1,1,5,human,,mid
2,78,1,2,2,2,2,1,meta-llama_Llama-2-13b-chat-hf,writer_profile,
3,78,4,4,4,4,3,2,meta-llama_Llama-2-13b-chat-hf,writer_profile,
4,78,3,3,3,4,2,5,meta-llama_Llama-2-13b-chat-hf,writer_profile,
6,78,4,2,1,4,1,4,meta-llama_Llama-2-13b-chat-hf,writer_profile,
7,78,3,3,2,1,2,4,meta-llama_Llama-2-13b-chat-hf,writer_profile,
2,79,2,2,2,2,4,1,gpt-4,plan_write,
3,79,4,3,5,4,4,2,gpt-4,plan_write,
4,79,2,2,1,1,2,3,gpt-4,plan_write,
6,79,4,1,1,1,1,5,gpt-4,plan_write,
7,79,1,1,1,1,1,5,gpt-4,plan_write,
2,80,2,1,2,1,4,5,meta-llama_Llama-2-70b-chat-hf,writer_profile,
3,80,4,3,4,3,4,2,meta-llama_Llama-2-70b-chat-hf,writer_profile,
4,80,4,3,4,2,3,2,meta-llama_Llama-2-70b-chat-hf,writer_profile,
6,80,2,1,1,1,3,5,meta-llama_Llama-2-70b-chat-hf,writer_profile,
7,80,5,2,1,2,1,5,meta-llama_Llama-2-70b-chat-hf,writer_profile,
2,81,1,2,1,1,2,5,lmsys_vicuna-33b-v1.3,plan_write,
3,81,4,4,5,4,3,3,lmsys_vicuna-33b-v1.3,plan_write,
4,81,2,2,1,2,2,4,lmsys_vicuna-33b-v1.3,plan_write,
6,81,3,1,1,2,2,5,lmsys_vicuna-33b-v1.3,plan_write,
7,81,2,2,1,1,2,3,lmsys_vicuna-33b-v1.3,plan_write,
2,82,1,4,2,2,4,5,meta-llama_Llama-2-7b-chat-hf,writer_profile,
3,82,5,4,4,4,3,1,meta-llama_Llama-2-7b-chat-hf,writer_profile,
4,82,3,4,3,3,3,5,meta-llama_Llama-2-7b-chat-hf,writer_profile,
6,82,4,3,1,2,1,5,meta-llama_Llama-2-7b-chat-hf,writer_profile,
7,82,1,2,1,1,1,5,meta-llama_Llama-2-7b-chat-hf,writer_profile,
2,83,2,2,2,2,4,1,meta-llama_Llama-2-13b-chat-hf,plan_write,
3,83,3,2,3,3,2,3,meta-llama_Llama-2-13b-chat-hf,plan_write,
4,83,4,5,5,4,3,1,meta-llama_Llama-2-13b-chat-hf,plan_write,
6,83,4,2,4,3,4,4,meta-llama_Llama-2-13b-chat-hf,plan_write,
7,83,4,3,5,3,5,1,meta-llama_Llama-2-13b-chat-hf,plan_write,
2,84,2,4,4,4,4,1,gpt-4,writer_profile,
3,84,5,5,4,5,4,2,gpt-4,writer_profile,
4,84,4,5,4,5,4,2,gpt-4,writer_profile,
6,84,4,2,2,3,1,5,gpt-4,writer_profile,
7,84,3,3,2,2,2,5,gpt-4,writer_profile,
2,85,1,4,4,4,4,1,meta-llama_Llama-2-70b-chat-hf,plan_write,
3,85,4,3,4,3,3,3,meta-llama_Llama-2-70b-chat-hf,plan_write,
4,85,3,5,4,4,2,3,meta-llama_Llama-2-70b-chat-hf,plan_write,
6,85,1,1,2,1,1,5,meta-llama_Llama-2-70b-chat-hf,plan_write,
7,85,1,1,1,1,1,5,meta-llama_Llama-2-70b-chat-hf,plan_write,
2,86,1,1,2,1,4,4,lmsys_vicuna-33b-v1.3,writer_profile,
3,86,5,3,4,4,4,2,lmsys_vicuna-33b-v1.3,writer_profile,
4,86,3,3,5,3,3,2,lmsys_vicuna-33b-v1.3,writer_profile,
6,86,5,5,4,3,3,5,lmsys_vicuna-33b-v1.3,writer_profile,
7,86,4,1,4,2,5,1,lmsys_vicuna-33b-v1.3,writer_profile,
2,87,2,1,1,1,2,5,meta-llama_Llama-2-7b-chat-hf,plan_write,
3,87,4,3,5,4,3,1,meta-llama_Llama-2-7b-chat-hf,plan_write,
4,87,1,3,2,2,3,5,meta-llama_Llama-2-7b-chat-hf,plan_write,
6,87,3,2,1,1,1,5,meta-llama_Llama-2-7b-chat-hf,plan_write,
7,87,1,1,1,1,1,5,meta-llama_Llama-2-7b-chat-hf,plan_write,
2,88,4,4,5,4,4,1,human,,low
3,88,3,3,4,3,2,2,human,,low
4,88,2,3,2,3,2,4,human,,low
6,88,3,1,1,1,2,5,human,,low
7,88,2,2,1,1,1,5,human,,low
2,89,2,2,2,4,3,1,meta-llama_Llama-2-13b-chat-hf,writer_profile,
3,89,3,4,3,3,2,3,meta-llama_Llama-2-13b-chat-hf,writer_profile,
4,89,3,2,1,2,1,5,meta-llama_Llama-2-13b-chat-hf,writer_profile,
6,89,4,4,1,3,1,4,meta-llama_Llama-2-13b-chat-hf,writer_profile,
7,89,2,2,1,1,1,4,meta-llama_Llama-2-13b-chat-hf,writer_profile,
2,90,1,2,4,2,4,1,gpt-4,plan_write,
3,90,4,4,4,4,4,1,gpt-4,plan_write,
4,90,4,5,4,5,4,1,gpt-4,plan_write,
6,90,2,1,3,2,2,4,gpt-4,plan_write,
7,90,3,3,3,2,1,2,gpt-4,plan_write,
2,91,2,2,2,2,5,2,meta-llama_Llama-2-70b-chat-hf,writer_profile,
3,91,5,4,4,4,3,2,meta-llama_Llama-2-70b-chat-hf,writer_profile,
4,91,2,4,2,4,2,3,meta-llama_Llama-2-70b-chat-hf,writer_profile,
6,91,4,4,3,4,4,3,meta-llama_Llama-2-70b-chat-hf,writer_profile,
7,91,5,4,5,2,5,2,meta-llama_Llama-2-70b-chat-hf,writer_profile,
2,92,1,2,2,2,2,2,lmsys_vicuna-33b-v1.3,plan_write,
3,92,5,3,4,4,5,1,lmsys_vicuna-33b-v1.3,plan_write,
4,92,3,3,3,2,2,4,lmsys_vicuna-33b-v1.3,plan_write,
6,92,4,2,3,1,1,5,lmsys_vicuna-33b-v1.3,plan_write,
7,92,3,1,1,1,1,5,lmsys_vicuna-33b-v1.3,plan_write,
2,93,4,4,4,2,2,1,meta-llama_Llama-2-7b-chat-hf,writer_profile,
3,93,4,3,4,3,3,2,meta-llama_Llama-2-7b-chat-hf,writer_profile,
4,93,3,4,2,3,3,2,meta-llama_Llama-2-7b-chat-hf,writer_profile,
6,93,4,3,3,4,3,4,meta-llama_Llama-2-7b-chat-hf,writer_profile,
7,93,2,1,2,1,3,5,meta-llama_Llama-2-7b-chat-hf,writer_profile,
2,94,2,4,4,4,4,1,meta-llama_Llama-2-13b-chat-hf,plan_write,
3,94,5,5,5,5,4,2,meta-llama_Llama-2-13b-chat-hf,plan_write,
4,94,3,5,4,4,4,3,meta-llama_Llama-2-13b-chat-hf,plan_write,
6,94,4,4,4,3,4,4,meta-llama_Llama-2-13b-chat-hf,plan_write,
7,94,4,5,5,4,5,1,meta-llama_Llama-2-13b-chat-hf,plan_write,
2,95,4,2,2,2,1,3,gpt-4,writer_profile,
3,95,4,5,4,5,4,2,gpt-4,writer_profile,
4,95,4,3,3,4,3,1,gpt-4,writer_profile,
6,95,4,3,4,3,3,4,gpt-4,writer_profile,
7,95,5,4,4,3,5,1,gpt-4,writer_profile,
2,96,4,4,5,2,4,1,meta-llama_Llama-2-70b-chat-hf,plan_write,
3,96,4,5,4,4,4,2,meta-llama_Llama-2-70b-chat-hf,plan_write,
4,96,2,1,3,1,2,4,meta-llama_Llama-2-70b-chat-hf,plan_write,
6,96,3,3,2,3,2,5,meta-llama_Llama-2-70b-chat-hf,plan_write,
7,96,5,4,5,5,5,1,meta-llama_Llama-2-70b-chat-hf,plan_write,
2,97,1,1,5,1,4,4,lmsys_vicuna-33b-v1.3,writer_profile,
3,97,5,4,4,4,4,1,lmsys_vicuna-33b-v1.3,writer_profile,
4,97,3,4,4,3,4,2,lmsys_vicuna-33b-v1.3,writer_profile,
6,97,4,1,3,2,5,3,lmsys_vicuna-33b-v1.3,writer_profile,
7,97,4,3,5,3,5,1,lmsys_vicuna-33b-v1.3,writer_profile,
2,98,4,5,2,4,1,1,meta-llama_Llama-2-7b-chat-hf,plan_write,
3,98,4,5,4,5,3,2,meta-llama_Llama-2-7b-chat-hf,plan_write,
4,98,4,5,5,4,3,1,meta-llama_Llama-2-7b-chat-hf,plan_write,
6,98,3,3,1,3,1,5,meta-llama_Llama-2-7b-chat-hf,plan_write,
7,98,1,1,1,1,1,5,meta-llama_Llama-2-7b-chat-hf,plan_write,
2,99,2,4,4,4,2,1,human,,high
3,99,3,4,3,4,3,2,human,,high
4,99,4,3,2,4,2,1,human,,high
6,99,5,4,4,5,4,1,human,,high
7,99,4,2,4,2,3,2,human,,high
